TT,Dyn,Reign (Kampp),cemetery,Tomb Owner,Occupation,Titles,X,Y,
1,19,SI/RII,Deir el-Medina,Sennedjem,Craftsman (PoT),Servant in the Place of Truth (on the  West of Thebes);,32.60061,25.72776,
2,19,RII,Deir el-Medina,Khabekhnet,Craftsman (PoT),Servant (of the Lord of the Two Lands) in the  Place of Truth (on the West of Thebes);,32.60043,25.7277,
3,19/  20,Ram,Deir el-Medina,Pashedu (TT326),Craftsman (PoT &temple) & temple admin (Amun),"Servant in the Place of Truth (on the  West of Thebes);
Stone-mason of Amun in Karnak; Servant of the Storehouse of Amun in the  Southern City;",32.60046,25.72853,
4,19,RII,Deir el-Medina,Ken (TT337),Craftsman (PoT &temple),"Sculptor (of Amun) (in the Place of Truth)/ (in Karnak);
Servant in the Place of Truth;",32.60033,25.72807,
5,19/20,Ram,Deir el-Medina,Neferabet,Craftsman (PoT),Servant in the Place of Truth (on the  West of Thebes);,32.60159,25.72924,
6,18/19,Hor-RII,Deir el-Medina,Neferhotep & Nebnefer,"(1) Craftsman (PoT)
(2) Craftsman (PoT)","(1) Chief of the Gang (=Foreman) (in the  Place of Truth);
Foreman in the Place of Eternity; Great One of the Gang in the Place of Truth;
(2)
Foreman (in the  Place ofTruth)(on the  West of Thebes);
Great one of the Gang in the Place of Truth;
Great one of [the Gang] in the Place of Truth on the West of Thebes;",32.60024,25.72885,
7,19,RII,Deir el-Medina,Ramose,Scribe (PoT),Scribe (in the Place of Truth); True Scribe in the  Place of Truth;,32.60016,25.72902,
8,18,AII/AIII,Deir el-Medina,Kha,Craftsman (PoT),"Chief in the  Great Place;
Overseer of Works (in the Place of Truth);",32.60067,25.72906,
9,20,RIII,Deir el-Medina,Amenmose,Craftsman (PoT) & royal admin,Servant in the Place of Truth; Scorpion Controller of the Lord of the Two Lands;,32.60031,25.72798,
10,19,RII,Deir el-Medina,"(l)Penbuy &
(2) Kasa","(1) Craftsman & local admin (PoT)
(2) Craftsman (PoT)","(1) Guardian in the Place Secretly (=Secret Place);
Servant in the Place of Truth;
(2) Servant in the Place of Truth (on the  West of Thebes);",32.60045,25.72923,
11,18,Hat/TIII,Dra Abu el-Naga east,Djehuty,"General admin, royal admin, temple admin (Amun), priesthood (Hathor) & local admin.","Overseer of the (Double) House of Silver (=Treasury);
Overseer of the Double House of Gold (=Treasury);
Royal Seal-bearer; Overseer of Works;
Overseer of the Cattle of Amun;
Overseer of the Priests of Hathor, Mistress of Cusae (=el-Kusiyah-UE);
Great Chief of Horus the  Elder; Scribe;
Hereditary Prince and Mayor; Sole Companion;",32.62333,25.73657,
12,17/18,STII/AI,Dra Abu el-Naga east,Hori,Royal admin,Overseer of the Granary of the  King's Wife and King's Mother Aahhotep;,32.62338,25.73664,
13,19,Unknownn,Dra Abu el-Naga east,Shuroy,Priesthood (Amun),Chief of the Brazier (Burners) of Amun,32.62401,25.73708,
14,19,Unknown,Dra Abu el-Naga east,Huy,Priesthood (Amun & AI),"wab priest of Amun;
wab priest of'Amenhotep (the Image of Amun') (=Al);",32.62441,25.73692,
15,18,Ah-AI,Dra Abu el-Naga west,Tetiky,Local admin,Mayor in the Southern City; King's Son;,32.61723,25.73384,
16,19,"RII/
(Mer)",Dra Abu el-Naga west,Panehesi,Priesthood (AI) & temple admin (Amun),"Priest of 'Amenhotep of the Forecourt';
Chief of the UE Offering Table (of Amun);",32.62141,25.73456,
17,18,(TIII)/AII,Dra Abu el-Naga west,Nebamun,"Royal admin &
general admin","Physician (of the  King) (in Thebes); Chief Physician;
(Royal) Scribe (in Thebes);",32.62163,25.73637,
18,18,TIII,Dra Abu el-Naga east,Baki,Temple admin (Amun),Chief Servant who Weighs the  Silver and Gold of the Estate of Amun;,32.62666,25.73839,
19,19,SI/RII,Dra Abu el-Naga east,Amenmose,Priesthood (AI),"High Priest of 'Amenhotep (of the Forecourt')
(=AI);
Lector Priest; Priest;",32.62527,25.73748,
20,18,TIII/(AII),Dra Abu el-Naga east,Montuher- khepeshef,"Priesthood,  royal admin, local admin,& honorary","Overseer of Priests; Royal Seal-bearer; Fan-bearer;
Mayor ofThebu (=Aphroditopolis- capital of 10th nome);
King's Son;
Sole Companion;
Hereditary Prince and Mayor;",32.62378,25.73675,
21,18,TI/Hat/ (TIII),Upper Qurna,User,Royaladmin (TI) & general admin,"Scribe;
(Chief) Steward of Aakheperkare (=TI); Hereditary Prince and Mayor;",32.60918,25.73292,
22,18,"TIII/All &
All/AIII",el-Khoka,"(1) Wah
(2) partly Meryamun","(l)Royal admin
(2) Royal family","(l)Royal Butler;
(2) Eldest Son of the king;",32.61046,25.7327,
23,19,Mer,el-Khoka,Tjay called To,"Royal admin, temple admin & priesthood (moon)","Royal Secretary of the Lord of the Two Lands; Secretary of Pharaoh;
Fan-bearer on the  Right of the King; (True) Royal Scribe;
Chief Royal Scribe of his Lord; Scribe of Records of the Good God;
Overseer of the Granaries of all the Gods of U and LE,
High Priest of the  Moon; Chief of his Office; Attendant of the  Good God;
Hereditary Prince and Mayor;",32.61023,25.73259,
24,18,TII/(Hat) / TIII,Dra Abu el-Naga east,Nebamun,Royal admin,"Steward of the (Royal Wife) (Nebtu); Butler of the Palace;
Chief of the Royal Ships; Overseer of (All) Royal Ships; Overseer of the Royal Office; Hereditary Prince and Mayor;",32.62368,25.73674,
25,19,RII,Asasif,Amenemhab,Priesthood (Khonsu),High Priest of Khonsu;,32.61272,25.7339,
26,19,SII/Tau,Asasif,Khnumemhab,"Temple admin (Ramesseum), royal admin & military","Overseer of the House of Silver (=Treasury) [of] the (Temple of User- maat-re Setep-en-re in the Estate of Amun) (=Ramesseum);
Royal Scribe;
Overseer of the Army/ General of the Lord of the Two Lands;",32.61168,25.73416,
28,19/20,Ram,Asasif,Hori,Temple admin (Amun),Deputy of the Estate of Amun;,32.6127,25.73393,
29,18,(TIII)/ All,Upper Qurna,Amenemopet called Pairi,"General admin, priesthood (Maat), royal admin & local admin","Governor of the Town and Vizier, Priest of Maat;
Divine Father; Sem priest; Mouth of Nekhen;
Spokesman Who Makes Peace in the Entire Land; Chief of the Entire Land;
Controller of Kilts; Royal Dignitary;
Hereditary Prince and Mayor; Sole Companion;",32.60688,25.73125,
30,18 & 20,AIII & RIII(?),Lower Qurna,"(1)?
(2) Khonsumose","(1)?
(2) Temple admin (Amun)","(1)?
(2) Scribe of the Treasury of the Estate of Amun;",32.61,25.73103,
31,19,RII,Lower Qurna,Khonsu called To,Priesthood (TIii & Montu) &temple admin (TIV),"High Priest ofMen-kheper-re(=TIII); Overseer of the Cattle of Men- kheperu-re (=TIV);
High Priest ofMontu;",32.60985,25.73101,
32,19,RII,el-Khoka,Djehutymose,"Temple admin (Amun), general admin & royal admin","(Chief) Steward of Amun;
Overseer of the Granaries ofU & LE; True Royal Scribe;",32.61262,25.73227,
35,19,RII,Dra Abu el-Naga west,Bakenkhonsu,Priesthood (Amun),"High Priest of Amun (in Karnak); Overseer of the Priests of all the Gods of Thebes;
Overseer of the Priests of Amun-Re; Chief of Secrets in Heaven, Earth and the  Underworld;
Divine Father;
Hereditary Prince and Mayor;",32.61869,25.73617,
38,18,TIV/AIII,el-Khoka,Djeserkarasoneb,Temple admin (Amun),Steward of the Second Priest of Amun; Scribe of Counting the Grain of Amun; Counter of Grain in the Granary of the  Divine Offerings of Amun;,32.61108,25.73226,
39,18,Hat/TIII,Asasif,Puyemra,"Priesthood (Amun), royal admin","2nd priest of Amun; Royal Seal-bearer;
Spokesman who Makes Peace in the Entire Land;
Hereditary Prince {and Mayor); Sole Companion;",32.61328,25.73353,
40,18,Tut,Qurnet Murai,Amenhotep called Huy,"Local admin, temple admin (Amun) & royal
admin","King's Son of Kush;
Overseer of the Southern Foreign Lands;
(True)Royal Scribe;
Messenger of the  King upon every Foreign Land;
Overseer of the Cattle of Amun; Hereditary Prince and Mayor; Fan-bearer on the Right of the King;",32.60335,25.72545,
41,18/19,Hor-SI,el-Khoka,Amenemopet called Ipy,"Temple admin (Amun)
priesthood (Min
& Isis) royal
admin & general
admin","(Chief) Steward of Amun in the Southern City; Royal Scribe;
Overseer of the Granaries of U and  LE /  of All the Gods;
Overseer of the Priests of Min and Isis;
Overseer of the Cattle of Amun;
Steward of the God's Wife;
Royal Seal-bearer;
Hereditary Prince and Mayor;",32.61064,25.73257,
42,18,TIII/AII,el-Khoka,Amenmose,"Military, royal admin & local admin","Captain of Troops;
Overseer of the Northern Foreign Lands; Royal Seal-bearer;
Eyes of the King ofUE, Ears of the king of LE upon the  Foreign Land of the  Wretched Retjenu;
Chief of the Stable of the Lord of the Two Lands; King's Follower on the  Foreign Land ofRetjenu; Sole Companion;",32.61057,25.7327,
43,18,AII/TIV,Upper Qurna,Neferrenpet,Royaladmin,Overseer of the Storehouse of the Lord of the Two Lands,32.60913,25.73303,
44,20,Dyn20,el-Khoka,Amenemhab,Priesthood (Amun) & temple admin (Amun),wab priest (in front of Amun); Scribe of the Temple of Amun;,32.61021,25.73222,
45,18&20,All &RII/Dyn 20?,Lower Qurna,"(l)Djehuty
(2)Djehutemhab","(1) Temple admin (Amun)
(2) Temple admin (Amun)","(1) Steward of the High Priest of Amun, Mery (TT95);
Scribe (of the  Offering Table of the HPAMery);
Overseer and Chief of the Servants/ Weavers of Amun;
(2) Chief of the  Makers of (Fine)
Linen of the Estate of Amun;",32.60864,25.73012,
46,"17/18 &
18",EndDyn 17/18 &AIII/AIV,Upper Qurna,"(1)?
(2) Ramose","(1)?
(2) Royal admin, temple admin& general admin","(1)?
(2) Steward of the Temple of the Aten; True Royal Scribe;
Overseer of the Granaries of U & LE; Fanbearer at the Right of the King; Hereditary Prince and Noble;",32.60811,25.73204,
47,18,AIII,el-Khoka,Userhet,Royal admin,Overseer of the Royal Harem; Hereditary Prince and Mayor;,32.61128,25.73252,
48,18,AIII,el-Khoka,Amenemhat called Surere,Royal admin & temple admin (Amun),"Chief Steward (of the King); Royal Scribe;
Divine Seal-bearer of Amun;
Overseer of the Cattle of Amun;
Overseer of the Arable Lands (fields) of Amun; Chief of Secrets in the Palace;
Great Chief in the Palace;
Chief of the House of the  Morning; Overseer of Horns, Overseer of Hoofs and Overseer of Feathers;
Overseer of the Recruits of Amun; Fan-bearer on the Right of the King;
[Overseer of] all the [Craftsmen] of the King; Hereditary Prince and Mayor;",32.61291,25.73233,
49,18,Ay,el-Khoka,Neferhotep,Temple admin (Amun),"Chief Scribe of Amun;
Overseer of the Oxen and Heifers of Amun;",32.61334,25.73309,
50,18,Hor,Lower Qurna,Neferhotep,Priesthood (Amun),Divine Father (of Amun);,32.60998,25.73094,
51,19,RI/SI,Lower Qurna,Userhet called Neferhebef,Priesthood (TI),"High Priest of the Royal ka of Aa- kheper-ka-re (TI);
High Priest (of Aa-kheper-ka-re) (TI);",32.61012,25.73103,
52,18,(TIV)/AIII,Lower Qurna,Nakht,Temple admin (Amun),"Scribe;
Astronomer of Amun;",32.60982,25.73177,
53,18,(Hat)/TIII,Lower Qurna,Amenemhat,Temple admin (Amun),Acolyte of Amun;,32.60894,25.73116,
54,18&19,endAIII& RII,Upper Qurna,"(1) Huy
(2) Kenro",(1) Temple craftsman (Amun) (2) Priesthood & temple admin (Khonsu),"(1) Sculptor of Amun;
(2) Chief of the Storehouse of Khonsu; wab priest;",32.60841,25.73158,
55,18,AIII /AIV,Lower Qurna,Ramose,"General admin, priesthood, royal admin & localadmin","Governor of the Town and Vizier; Royal Seal-bearer;
Overseer of Works in the  Great Monuments;
Overseer of the  Priests of U and  LE,; Chief of Secrets of the Two Cobra Goddesses;
Chief of Secrets of the Palace; Priest ofMaat;
Sem priest; Overseer of Scribes;
Hereditary Prince and Mayor; Spokesman who Makes Peace in the Entire Land;
Chief of the Entire Land; Controller of (all) Kilts; sab;
Mouth of Nekhen;
Great Companion of the Lord of the Two Lands;
Sole Companion;",32.6089,25.73081,
56,18,(TIII)/AII/TIV,Lower Qurna,Userhet,"Royal admin, general admin &temple admin (Amun)","Counter of Bread in U and  LE; (True)(Royal) Scribe;
Child of the  Nursery;
Overseer of the Cattle [of Amun]; Deputy of the Herald;",32.60866,25.73056,
57,18,AIII,Lower Qurna,Khaemhet calledMahu,"Royal admin, priesthood (Anubis) & general admin","Royal Scribe;
Overseer of the  Granaries (of the Lord of the Two Lands /U & LE); Eyes of the  King in the Cities ofUE, his Ears in the Districts of LE; Hereditary Prince and Mayor; Priest of Anubis;
Chief of Secrets of the Granaries; Chief of Secrets (of the Chest of Anubis);
Chief in the  Funerary Workshop; Chief of the Coffin;",32.60865,25.73046,
58,"18 & 19
&20","AIII&Dyn
19 &Dyn 20",Upper Qurna,"(l)Unknown
(2) Amenhotep
(3) son-Amenemonet","(1)?
(2)?
(3) Priesthood (Amun) &Temple admin (RII, Amun, Mut)","(1) Unknown
(2) Unknown
(3) Overseer of the Priests of Amun -  HPA; Scribe (in) the Temple ofRamesses 'Beloved like Amun' (Abu Simbel);
Temple Scribe in the Temple ofRamesses 'Beloved like Amun';
Scribe of the Divine Offerings of Amun; Scribe of the Temple ofMut;",32.60834,25.73237,
59,18,TIII,Upper Qurna,Ken,Priesthood (Mut),"High Priest ofMut, lady of Asher;",32.6079,25.73237,
60,MK,,Upper Qurna,"Antefoker
(and Sent (mother))","General admin, Royal admin,
Local admin & Priesthood (Maat)","Governor of the town and Vizier;
Royal Seal-bearer;
Hereditary Prince;
Overseer of the 6 great Temples/ Law-courts;
Priest of Maat;
Mouth of Nekhen;
Chief Justice;
Sole Companion;",32.60805,25.73245,
61,MK&18,"MK&TI/
Hat/TIII",Upper Qurna,User (TT 131),"(2)General admin, local admin& priesthood (Maat)","(2) Governor of the town and Vizier; Overseer of the 6 Great Temples/Law-courts; Spokesman who Makes Peace in the Entire Land;
Priest of Maat; Mouth of Nekhen;
Hereditary Prince and Mayor;",32.60827,25.73252,
62,18,AII/TIV,Upper Qurna,Amenemwaskhet,Royaladmin,"Overseer of the Audience-chamber (=Chamberlain);
Royal Seal-bearer;
...Mayor;",32.60859,25.73294,
63,18,TIV/ (AIII),Upper Qurna,Sobekhotep,"General admin, Royal admin, local admin
& priesthood (Sobek)","Overseer of the Treasury; Royal Seal-bearer;
Mayor of the Southern Lake (and of the Lake of Sobek) - Fayum;
Great One of the  Fayum; Mayor of Shedet (Fayum);
Overseer of the Priests of Sobek of Shedet; Divine Father,
Great One in the  Palace; Great One in the Palace;
Hereditary Prince and Mayor; Sole Companion;
Great Companion;
Fanbearer on the  Right of the King; Eyes of the  King;",32.60878,25.73363,
64,18,"(AII)/TIV/
(AIII)",Upper Qurna,Hekerneheh,Royal admin,"Nurse/ Tutor of the King's Son Amenhotep
(=AIII);
Nurse /Tutor of the Royal Children; Hereditary Prince and Mayor;  child of the  Nursery;
King's Follower in Every Place;
Fan-bearer on the Right of the King;",32.60876,25.73343,
65,"18
&20","Hat
&RIX",Upper Qurna,"(l)Nebamun
(2) Imiseba","(1) Royal admin & general admin
(2)Temple admin (Amun (-Ra)) &
priesthood","(1) Overseer of the Granary;
Royal Scribe of Accounts? in the Presence;
(2) Chief Temple Scribe (of the  Estate of Amun);
Chief of the Altar;
Temple Scribe in the Estate of Amun-Ra, King of the  Gods;
Deputy of the Double House of Silver (=Treasury) of the Estate of Amun in Karnak; wab Priest;",32.60882,25.73295,
66,18,TIV,Upper Qurna,Hepu,"General admin, local admin & priesthood","Vizier, Governor of the Town; Overseer of the  Law-courts;
Eyes of the King in the  Southern City and  his Ears in the Districts of LE;
Divine Father;
Hereditary Prince and Mayor;
Spokesman who Makes Peace in the Entire Land;
Sole Companion;",32.60886,25.73278,
67,18,Hat,Upper Qurna,Hapusoneb,"Priesthood (Amun), Royal admin","High Priest of Amun;
Overseer of all Works of the  King; Overseer of the Priests of U & LE;
3rd Lector Priest of Amun in Karnak; Royal Seal-bearer;
Hereditary Prince and Mayor; Great Companion;",32.60891,25.73259,
68,18 & 20,"AIII&
Dyn20 (RIIl?)",Upper Qurna,(1) Meryptah (2)Perenkhnum,"(1) Priesthood
(Amun) (2) Priesthood (Amun&Mut)","(1) High Priest of Amun;
(2)wab priest of Amun of Karnak; wab priest ofMut of Asher;",32.60879,25.7324,
69,18,(TIV)/AIII,Upper Qurna,Menna,"General admin, Royal admin & temple admin (Amun)","Scribe of the Arable Lands (fields) of the Lord of the Two Lands of U & LE;
Scribe;
Overseer of the Arable Land (fields) of the Lord of the Two Lands,
Overseer of the Arable Land (fields) of Amun; Overseer of the Ploughed Fields of Amun;",32.60904,25.73218,
70,"18&
20/21",Dyn 18 & 20/21,Upper Qurna,"(1) Unknown
(2) Amenmose",(1) Unknown (2)Temple admin (Amun),"(1) Unknown
(2) Overseer of the  Craftsmen of the  Estate of Amun",32.60769,25.73302,
71,18,Hat,Upper Qurna,Senenmut,Royal admin & temple admin (Amun),"(Chief) Steward;
Brave Chief Steward of the King, (Chief) Steward of Amun;
Chief Steward of the God's Wife; Overseer of the  Granaries of Amun;
Overseer of the Works of Amun /  in Karnak; Overseer of all Royal Works/ all Works of the King;
Overseer of Works on the Two Great Obelisks in the  Estate of Amun;
Director of Works; Royal Seal-bearer;
Great Chief of the Palace;
Hereditary Prince and Mayor;",32.60798,25.73324,
72,18,All,Upper Qurna,Re,"Priesthood (Amun, TIII& Hathor)","High Priest (of Amun);
High Priest ofMenkheperre (=TIII); High Priest of Amun in Henket-ankh;
High Priest of Amun in Djeser-akhet (=TIil DelB temple);
High Priest of Amun in Djeser-set;
High Priest of Amun in Menisut (=Ahmose Nefertari temple);
High Priest ofHathor, in the midst ofHenket- ankh (=TIil temple);",32.60774,25.73317,
73,18,Hat,Upper Qurna,Amenhotep,Temple admin (Amun) & Royaladmin,"Overseer of Works on the Two Great Obelisks in the  Estate of Amun;
Chief Steward; Royal Steward;
Brave One /Veteran of the King; Overseer of the Cattle of Amun; Royal Seal-bearer;
Hereditary Prince and Noble, Sole Companion;
Chief of the Entire Land;",32.60777,25.73298,
74,18,TIII/AII/TIV,Upper Qurna,Thanuny,Royal admin & military,"Royal Scribe;
Overseer of Royal Scribe; Overseer of Army Scribes;
Overseer of the  Scribes of the (Great) Royal Army;
Scribe of the Army (in the Presence of his Majesty);
Scribe of Recruits;
Overseer of the Army -  General; Royal Seal-bearer;
Eyes of the  King of UE, Ears of the King of LE; Official in Front of the Common People; Hereditary Prince and Mayor;
Sole Companion;",32.60765,25.73289,
75,18,AII/TIV,Upper Qurna,Amenhotep-saes,Priesthood (Amun)& Royaladmin,"2nd Priest of Amun; Royal Seal-bearer;
Hereditary Prince and Mayor;",32.60755,25.73274,
76,18,TIV,Upper Qurna,Thenuna,"Royal admin, temple admin (Amun), priesthood & honorary title","Chief Steward of the King;
Steward in the Estate of his Majesty; Fan-bearer on the Right of the King;
Attendant of the Lord of the Two Lands (in Every Place which he has Trodden);
Royal Seal-bearer;
Overseer of the Cattle of Amun;
Chief of Secrets of the Two Cobra Goddesses; Divine Father;
Eyes of the King of UE, Ears of the King of LE; Hereditary Prince and Mayor;
Great Chief in the  Entire Land; Sole Companion;
Official in Front of the Common People;",32.60744,25.73264,
77,"18
&18","TIV/AIII
&AIII",Upper Qurna,"(l)Ptahemhet
(2) Roy","(l)Royal admin &general admin
(2) Craftsman & Royaladmin","(1) Fan- bearer of the  Lord of the Two Lands; Eyes of the King of UE and  Ears of the King of LE;
Director of the Directors of Works; Child of the  Nursery;
(2) Overseer of Sculptors of the Lord of the Two Lands;",32.60695,25.73235,
78,18,AII/TIV/ AIII,Upper Qurna,Horemheb,"Royal admin, military, temple admin (Amun)& priesthood","(True) Royal Scribe;
Overseer of all Royal Scribes of the Army; Scribe of Recruits;
Overseer of the  Works of Amun; Overseer of Horses;
Overseer of the Arable Land (fields) of Amun,
Overseer of the  Priests in U and  LE; Overseer of the  Cattle of Amun;
Overseer of Cows, Calves and  Bulls of Amun; Overseer of Horns, Overseer of Feathers and Scales;
Attendant of the Lord of Power in the Southern and Northern Foreign Lands; Attendant of the Lord of the Two Lands in the Southern and Northern Foreign Lands;
Eyes of the  King in the  Whole Land; Hereditary Prince and Mayor;
Fan-bearer on the Right of the King;",32.6073,25.73262,
79,18,TIII/AII,Upper Qurna,Menkheper(soneb),"General admin,
Royal admin & priesthood (Amun)","Overseer of the Granary (of the  Lord of the Two Lands)/ (of UE and  LE)/ (in Thebes); Royal Scribe;
wab priest of Amun in Henket-ankh (=TIII);
Hereditary Prince and Mayor;",32.60706,25.73225,
80,18,TIII/All,Upper Qurna,Djehutynefer,General admin & Royal admin,"Overseer of the House of Silver (=Treasury) (of the Lord of the Two Lands);
Royal Scribe;
Eyes of the King of UE, Ears of the King of LE; King's Follower on all His Expeditions in the Southern and Northern Foreign Lands; Hereditary Prince and Mayor;
Sole Companion;",32.60714,25.73229,
81,MK&18,MK & AI-Hat,Upper Qurna,(2) Ineni,"Temple admin (Amun), Royal admin & local admin","Overseer of the  Granary (of Amun); Overseer of all Sealed Things in the Estate of Amun (=Treasurer);
Seal-bearer of Every Seal in the Estate of Amun;
Overseer of the  Double House of Silver (and the Double House of Gold in Karnak);
Overseer of Every Office in the  Estate of Amun; Overseer of all the Works of Amun;
Overseer of Works in Karnak; Director of all Work in Karnak;
Overseer in Charge of/  concerning the Royal Tomb;
Overseer of Works upon/in the Royal Tomb; Director of Work on the  Royal Tomb; Scribe;
Mayor in the  City (Thebes); Hereditary Prince and Mayor; Dignitary;",32.60734,25.73244,
82,MK&18,"MK&Hat/
TIII",Upper Qurna,"(1)?
(2)Amenemhet","(1)?
(2)General admin& temple admin (Amun)","(1)?
(2) Steward (of the  Vizier (of the Southern City));
Scribe (of the  Vizier);
Counter of Grain (in the Granary of the Divine Offerings) of Amun;
Scribe of Counting the Grain of Amun; Chief of the Weavers of Amun;
Steward of Counting Arable Lands (fields); Steward of Counting Everything which Exists, Steward of Counting People;
Steward of Counting Metal;
Overseer of Ploughed Lands;
Master of Ceremonies -lit. Elder of the Forecourt [of the Estate of Amun] (Davies & Gardiner, 1973: 7);",32.60761,25.73224,
83,18,Ah/(Hat)/ TIIl,Upper Qurna,Ametju called Ahmose,General admin & priesthood (Maat),"Governor of the Town, Vizier; Priest of Maat;
Mouth of Nekhen; Chief Justice; Great in his Office;
Hereditary Prince and Mayor;",32.60797,25.73216,
84,18 & 18,"TIII/All
&All",Upper Qurna,"(1) Iamunedjem
(2) Mery","(1) Royal admin &general admin
(2) Priesthood (Amun)","(l)(lstt) Royal Herald; Royal Scribe;
Overseer of the  Granaries of U and  LE; Overseer of the  Law Court (of the  King); Director of all Royal Works;
Eyes of the King of UE, Ears of the King of LE; Follower (of his Lord to his Expeditions on Northern Foreign Lands) /(of the King on all Foreign Lands);
Great one in the  Palace; Hereditary Prince and Mayor; Vigilant Director;
Great Official in the  Palace; Warrior of the  Good God; Sole Companion;
(2) High Priest of Amun (TT95)",32.60713,25.73185,
85,18,TIII/All,Upper Qurna,Amenemhab called Mahu,Military & Royal admin,"Lieutenant Commander of the Army (of the Lord of the Two Lands);
Captain of the Troops; Royal Seal-bearer;
Attendant of the Lord of the Two Lands; Ears of the King;
Mouth of the King;
King's Follower (on his Expeditions)(on Water, on Land and in all Foreign Countries)/ (on
his Expeditions on Northern and Southern Foreign Lands;
Brave Warrior of the Lord of the Two Lands; Hereditary Prince and Mayor;
Great Companion; Child of the  Nursery;",32.60739,25.73193,
86,18,TIII,Upper Qurna,Menkheperesoneb,"Priesthood (Amun), temple admin (Amun), Royal admin, general admin & craftsman","High Priest of Amun;
Overseer of the Priests of U and  LE; Overseer of the  Granaries of Amun; Overseer of the Double House of Gold and Overseer of the  Double House of Silver (=Treasury;
Overseer of Works of Amun; Royal Seal-bearer;
Chief of the Overseers of the Craftsmen; Overseer of the Foremost Offices; Hereditary Prince and Mayor;
Chief of Secrets of the Two Cobra Goddesses; Great Chief in the  Palace;
Hereditary Prince and Mayor; Sole Companion;",32.60749,25.73209,
87,18& 18,Hat/TIII &TIV-end Dyn 18,Upper Qurna,"(1) Minnakht
(2)?","(1) General admin, temple admin (Amun) military & Royaladmin
(2) Unknown","(1) Overseer of the Granaries of U and  LE; Overseer of the Granary (of Amun);
Overseer of the Storehouse of Amun (and the King);
Keeper of the Storehouse of Amun; Overseer of the Servants of Amun; Overseer of Horses of the Lord of the Two Lands;
Royal Scribe;
Overseer of the Foreign Lands of U and  LE; Overseer of the  Great Place;
Overseer of the  Department of the  Wine Cellar;
Hereditary Prince and Mayor;
(2) Unknown",32.6073,25.73211,
88,18,(TIII)/ All,Upper Qurna,Pehsukher called Thenunu,"Military &
Royaladmin","Deputy of the King/his Majesty; Lieutenant Commander /Deputy  of the (Numerous) Army of the Lord of the Two Lands;
Royal Seal-bearer;
Fan-bearer (of the Lord of the Two Lands); Attendant of the Lord of the Two Lands; Bowman of the Lord of the Two Lands; Attendant of the Lord of the Two Lands in the Southern and Northern Foreign Lands; Hereditary Prince and Mayor;
Sole Companion;
Official in Front of the Common People;",32.60695,25.73219,
89,18,AIII,Upper Qurna,Amenmose,Royaladmin,"Steward (in the Southern City); Royal Seal-bearer;
Hereditary Prince and Mayor; Sole Companion;",32.60671,25.73215,
90,18,TIV/ AIII,Upper Qurna,Nebamun,"Military &
Royaladmin","Chief of Medjay (=police) on the  West of Thebes;
Captain of the Troops in western Thebes; Chief of Police of/in the Western City (Thebes);
Chief of the Numerous Army; Commander of the Fleet of U and  LE;
Standard-bearer (of [the Royal Ship] 'Beloved of Amun';
Attendant of the Lord of the Two Lands in the Southern and Northern Foreign Lands; Hereditary Prince and Mayor;",32.60658,25.73223,
91,18,TIV/AIII,Upper Qurna,Unknown,Military,"Chief of Medjay (=police);
Captain of the Troops of the Good God; Attendant of the Lord of the Two Lands (in Every Place which he has Trodden); Overseer of Horses;
Hereditary Prince and Mayor;",32.60619,25.73193,
92,18,(TIIl)/All,Upper Qurna,Suemnut,"Royal admin, priesthood (Alnun)& military","Royal Butler, (clean of hands); Royal Seal-bearer;
Overseer of the  Priests of all the Gods; Divine Father,
Festival Leader of Amun; Overseer of Royal Ships;
Chief of the Stable of the  Lord of the Two Lands;
Attendant of the Lord of the Two Lands; King's Follower on all his Expeditions in the Southern and Northern Foreign Lands; King's Follower on Water and on Land;
Fan-bearer (at the Right of the  King); Hereditary Prince and Mayor;
Sole Companion;",32.60639,25.73178,
93,18,All,Upper Qurna,Kenamun,"Royal admin, general admin, priesthood, military  & temple admin (Amun)","(Chief) Steward (of the  King) (=All);
(Chief) Steward (of the  King) in Peru-Nefer (=Memphite Estate);
Royal Seal-bearer; Royal Scribe;
Overseer of the  Double House of Gold (=Treasury);
Divine Father; Sem priest;
Overseer of the  (great) Overseers;
Chief of Secrets of the Two Cobra Goddesses; Overseer of the  Foremost Offices;
Overseer of the  Cattle of Amun;
Overseer of Horns and overseer of Hooves; Overseer of Calves (of UE and  LE)/ (of the Sovereign)/ (of Amun);
Overseer of the Storehouse of Amun; Chief of the Stable;
Eyes of the  King of UE, Ears of the King of LE; Eyes of the  Kingon the  Roads Belonging to the Nine Bows;
Attendant of the Lord of the Two Lands ; Great One of Great Ones;
Hereditary Prince at the White Chapel of Geb; Chief of the Whole Land;
Spokesman who Makes Peace in the Temple; Controller of Controllers;
Dignitary of the Courtiers;
Noble Dignitary among the Courtiers in very truth;
Fan-bearer on the Right of the King; Sole Companion;
Hereditary Prince and Mayor;",32.60641,25.73149,
94,18,TIII/All,Upper Qurna,Ramose called Amay,Royaladmin,"1st Royal Herald;
Fan-bearer (of the Lord of the Two Lands)/( on the  Right of the King);
Royal Seal-bearer;
Judge in the Whole Land; Hereditary Prince and Mayor; Sole Companion;",32.6067,25.73171,
95,18,All,Upper Qurna,Mery,"Priesthood (Amun), temple admin (Amun) & Royal admin","High Priest of Amun (TT 84); Overseer of the  Priests of U and  LE; Steward of Amun;
Overseer of the  Double House of Silver (and the  Double House of Gold) (=Treasurer) of Amun;
Divine Father of the Great Place; Overseer of the  Granary of Amun;
Overseer of the Arable Land (fields) of Amun; Royal Seal-bearer;
Overseer of Cattle (of Amun); Chief and Overseer of Singers; Chief Overseer of UE; Hereditary Prince and Mayor;",32.60672,25.73137,
96,18,(TIII)/All,Upper Qurna,Sennefer,"Local admin, Royal admin, priesthood (Amun), temple admin(Amun &Horus)","Mayor (of the Southern city); Steward of Amun;
Royal Seal-bearer;
Overseer of the Granaries of Amun; Overseer of the  Cattle of Amun; Overseer of the  Garden of Amun;
Director of the Cattle (of Amun in Djeser- djeseru);
Steward (of the  Lord of the Two Lands) Djeserkare (=AI);
Overseer of the Arable Land (fields) of Amun; High Priest of Amun in Menisut;
Overseer of the  Priests of Ahmose Nefertari; Overseer of the  Priests of the God's Wife; Overseer of the  Priests of Horus, (the elder) lord of Apollinopolis (=Ashmunein);
Festival Leader (of Amun);
Master of Ceremonies of Akheperkare (=TI); Master of Ceremonies of Amun;
Overseer of the Orchard of Amun; Overseer of Calves;
Overseer of the Arable Land in the  Record Department;
Mouth of the King of UE, Ears of the King of LE;
Royal Nurse;
Hereditary Prince and Mayor; Foremost of Courtiers;
Great Chief in the  Southern City; Chief of the Courtiers of the Palace; Chief of U and  LE;
Sole Companion;",32.60671,25.7315,
97,18,All,Upper Qurna,Amenemhet,"Priesthood (Amun), general admin, Royal admin & temple admin (Amun)","High Priest of Amun;
Overseer of the  Priests of U and  LE; (Chief) Divine Father (of Amun); Chief of Secrets in Karnak;
wab priest;
Steward of the Estate of Amun;
Overseer of the  Double House of Gold and Overseer of the  Double House of Silver (=Treasurer);
Royal Seal-bearer;
Overseer of the Storehouse; Sandal Maker of the God;
Eyes of the  King of UE, Ears of the King of LE; Hereditary Prince and Mayor;
Hereditary Prince in the White Chapel of Geb; Spokesman who Makes Peace in the Entire Land;
Chief of the Whole Land;
(Vigilant) Controller of the Double Throne as the Eyes of the King;",32.60739,25.73173,
98,18,AII/(TIV),Upper Qurna,Kaemheribsen,Priesthood (Amun)& Royal admin,3rd Priest of Amun; Royal Seal-bearer;,32.60655,25.73137,
99,18,TIII,Upper Qurna,Sennefer,"General admin, Royal admin, priesthood (many) & temple admin (Amun)","Overseer of Sealed Items (of Amun) - Treasurer;
Royal Seal-bearer; Overseer of the  Granary;
Overseer of the  Gold Lands of Amun; Overseer of all the Priests of all the Gods; Overseer of the  Priests of Atum; Overseer of the  Priests of Min of Koptos;
Overseer of the  Priests of Sobek and Anubis; Festival Leader of Atum;
Festival Leader of all Gods of Heliopolis; Overseer of the Arable Land (fields) of Amun; Overseer of the  Farm-lands of Amun; Overseer of Horned and Hoofed Livestock; Overseer of Feathered and Scaled Livestock; Royal Herald;
Great One of the  Great Ones in the  Entire Land; Hereditary Prince and Mayor;
Mayor;
Mouth of the King of UE; Ears of the King of LE;
Spokesman (who Makes Peace) in the Entire Land;
Mouth which is in Charge of That Which Is [and That Which is Not];
Chief of Every Costly Stone;
Chief of the Courtiers of the Palace; First Nobleman of Noblemen; Royal Steward;
Chief of the Mayors;
Overseer of Thousands of Everything (things); Royal Messenger;
Sole Companion;",32.60711,25.73162,
100,18,TIIl/AIl,Upper Qurna,Rekhmire,"General admin, temple admin (Amun)& priesthood","Governor of the Town and Vizier; Overseer of the Stewards; Steward of Amun;
Overseer of the Double House of Gold and Overseer of the  Double House of Silver; Overseer of all Works of [Amun], Director of all Works in Karnak;
Overseer of the 6 Great Mansions (of Justice?); Judge of the 6 Great Mansions;
[Director] of all Ceremonial Aprons;
Chief of Craftsmen; Overseer of Scribes;
Chief Scribe of the Divine Offerings of Amun; Chief of Secrets (of the  Palace);
Greatest of Seers in the Great House; Chief of the Whole Land;
sab;
Supreme Judge;
Follower of the King of LE; Royal Seal-bearer;
Mouth of Nekhen; Priest of Maat; Divine Father;
Sem priest in the 'House of Flame'; Attendant of Horus;
Hereditary Prince and Mayor; Sole Companion;
Foster Child of the King;",32.60741,25.73138,
101,18,AII/TIV?,Upper Qurna,Thanuro,Royal admin,"The One who is Clean of Hands; King's Follower on Water, on Land, on
Southern and Northern Foreign Lands; Hereditary Prince and Mayor;",32.60782,25.73257,
102,18&18,Hat/TIII & AIII,Lower Qurna,"(1)?
(2) Imhotep",Royal admin,"(1)?
(2) Royal Scribe; Child of the  Nursery;",32.6087,25.73044,
103,11,unknown,unknown,Dagi,General admin & royal admin,"Overseer of the Pyramid Town and Vizier;
admin
Royal Seal-bearer;
Overseer of the Double House of Silver and the
Double House of Gold (=Treasurer);
Overseer of Granaries;
Overseer of all Temples of U and LE;
Overseer of the Law Court;
Mouth of Nekhen;
Supreme Judge;
Hereditary Prince and Mayor;
Sole Companion;",32.6082,25.73479,
104,18,(Hat)/TIII,Upper Qurna,Djehutynefer (TT80),Royaladmin,"(True)Royal Scribe;
Follower of the King in all Foreign Lands; Attendant of the Good God;",32.60947,25.73332,
105,20,Dyn20,el-Khoka,Khaemopet,Priesthood (Ainun),Priest of the Noble Ram-sceptre of Amun;,32.60977,25.7326,
106,19,SI/RII,el-Khoka,Paser,"General admin, royal admin
& priesthood (Amun & Neith)","Governor of the Town and Vizier (of the  town); Mouth of Nekhen;
Fan-bearer on the  Right of the King; Festival Leader of Ainun;
Overseer of Overseers of the Lord of the Two Lands;
sab;
Supreme Judge;
High Priest of the  Great of Magic; Priest of Maat;
wab priest;
Overseer of Chamberlains; Hereditary Prince and Mayor;",32.60971,25.7327,
107,18,AIII,el-Khoka,Nefersekheru,Royal admin & temple admin (Amun),"Royal Scribe,
Steward of the Estate ofNeb-maat-re (=AIII) 'Re is Gleaming';
Scribe of the Offering Table; Royal Seal-bearer;
Steward of the Estate of'The Sun-disc Gleams'; Overseer of the Granaries of Ainun;
Overseer of the Cattle of Amun;
Overseer of the Works of the Great Nile Flood; Attendant of the Sovereign  in his House; Hereditary Prince to the Limits of the Hall; Hereditary Prince and Mayor;
Mayor in the  Great House (=UE shrine); Controller of the  Double Throne (in the Office of the  first Sed Festival);
Vigilant Director Sole Companion;
King's Follower on all Foreign Lands;",32.60987,25.73271,
108,18,TIV,el-Khoka,Nebseny,Priesthood (Onuris),High Priest of Onuris (Inheret);,32.61073,25.73242,
109,18,TIII/(AII),el-Khoka,Min,"Local admin, priesthood (Onuris) & royal admin","Mayor (ofThinis); Mayor of the Oasis;
Overseer of the Priests of Onuris;
Steward of Onuris;
Overseer of the Priests of Osiris; Festival Leader of Osiris;
Overseer of the Expedition to the Western River; Nurse of Amenhotep (=All);
Royal Seal-bearer; Chief Overseer of UE;
Vigilant Director of the Lord of the Two Lands; Director of the Secret Works of the neshmet-bark; Scribe;
Great Companion; Hereditary Prince and Mayor;",32.61015,25.73281,
110,18,Hat/TIII,el-Khoka,Djehuty,Royal admin & temple admin (Amun),"Royal Butler;
Offerer (Maker of Offerings?) of Amun;",32.61072,25.73277,
111,19&Ram,RII&Ram,Lower Qurna,"(1) Amenwahsu
(2) Patkhy","(1) Priesthood (Amun& Sekhmet) & temple admin (Amun)
(2)?","(1) Divine Scribe (in the Estate of Amun);
Scribe of the  Divine Records (in the Estate of Amun);
Festival Leader of all the Gods in their Festivals; Chief in the  Estate of Amun;
wab priest of Sekhmet; (2)?",32.61012,25.73096,
112,"18&
19/20","TIII/AII &
Ram (Dyn 20?)",el-Khoka,"(l)Menkheper- resoneb (TT86) (2)
Aashefytemwaset","(1) Priesthood (Amun) & royal admin
(2) Priesthood (Amun)","(1) High Priest of Amun;
Overseer of the Priests of U and  LE; Head Divine Father of Amun;
Royal Seal-bearer; Sole Companion;
Hereditary Prince and Mayor;
(2) wab Priest of Amun 'Great of Majesty';",32.61086,25.73281,
113,20,RVIII,el-Khoka,Kynebu,Priesthood (Amun&AII),"wab priest;
Chief of Secrets (of Amun)/  (of the  Estate of Amun);
Priest in the Temple of Aa-kheperu-ra (=All); Lector Priest;
sem Priest in the Temple of Aa-khepru-ra (=All);",32.61013,25.73229,
114,20,,Upper Qurna,Unknown,Temple admin & craftsman (Amun),Head of the Goldworkers of the Estate of Amun;,32.60631,25.73202,
115,19,,Upper Qurna,Unknown,,Unknown,32.60642,25.73209,
116,18,AII/TIV,Upper Qurna,Unknown,Honorary,"Hereditary Prince, Mayor;",32.60652,25.73216,
117,MK,,Upper Qurna,(1)?,(1)?,?,32.60673,25.73243,
118,18,AIII,Upper Qurna,Amenmose,Royaladmin,Fan-bearer on the Right of the King;,32.60708,25.73242,
119,"(1)MK
(2)18","(1)MK
(2)Hat-TIll",Upper Qurna,(l)Unknown (2)Unknown,?,Unknown,32.60822,25.73236,
120,18,AIII,Upper Qurna,Aanen,Priesthood (Amun),2nd Priest of Amun;,32.60807,25.73344,
121,18,TIII,Upper Qurna,Aahmose,Priesthood (Amun&TIII),"Chief Lector Priest of Amun; 2nd Priest of Amun-Re,
High Priest in Henket-ankh (=TIII temple); Divine Father,",32.60815,25.73348,
122,18,Tlll,Upper Qurna,"(l)Amenhotep with chapels of
(2) Amenemhet",Temple admin (Amun),(1) & (2) Overseer of the Storehouse of Amun;,32.6084,25.73243,
123,18,TIII,Lower Qurna,Amenemhet,"General admin, royal admin& temple admin (Amun)","(Royal) Scribe;
Overseer of the  Granary of Amun; Counter of Bread (of U and  LE); Overseer of Bread;
Chief Scribe in the Palace;",32.60879,25.73063,
124,18,(TI)/ Hat/ (TIII),Lower Qurna,Ray,Royal admin,"Overseer of the Storehouse of the Lord of the Two Lands;
Steward of the Good God Aa-kheper- ka-re (=TI);",32.60886,25.73068,
125,18,Hat,Lower Qurna,Duaerneheh,Royal admin & temple admin (Amun),"Chief Herald of the Lord of the Two Lands;
Trusty Royal Herald; Royal Seal-bearer;
Overseer of the Granaries of the Good God;
Overseer of all the Craftsmen of the King;
Overseer of all Works of the  King; Overseer of the Administrative District (of Amun);
Balance of the  Lord of the Two Lands;
Hereditary Prince, Mayor; Sole Companion;",32.60916,25.73104,
127,18 & 19-20,Hat/TIIl & Ram,Lower Qurna,"(1) Senemiak
(2) Pairy","(1) Royal admin& general admin
(2) General
admin& priesthood","(1) (Royal) Scribe;
Overseer of the  Double House of Silver (=Treasury);
Royal Seal-bearer;
Counter of Corn (of U and  LE); Counter of Bread (of U & LE); Scribe of the  Offering Table; Overseer of all Herbs/Vegetables; Ears of the  King;
Senior of the Good House (=Funerary Workshop);
(2) Overseer of the Treasury; wab priest;",32.60932,25.73118,
129,18,TIII/AII,Lower Qurna,Unknown,?,Unknown,32.60946,25.73129,
130,18,TIIl,Lower Qurna,May,Local admin,Overseer of the Shore (=Harbourmaster) in the Southern City;,32.61061,25.73117,
131,18,TI/(Hat)/ TIII,Upper Qurna,Amenuser/  User (TT 61),"General admin,
Royaladmin & priesthood (Maat)","Governor of the Town and Vizier (TT61); Overseer of the Double House of Silver and the Double House of Gold (=Treasury);
Royal Seal-bearer; Scribe;
Overseer of the 6 Great Mansions; Supreme Judge;
Mouth ofNekhen;
Spokesman who Speaks the Truth in the Entire Land;
Priest of Maat; Sole Companion;
Hereditary Prince and Mayor;",32.60902,25.73176,
133,19,RII,Lower Qurna,Neferrenopet,Temple admin (Amun- Ramesseum) & royaladmin,"Chief of the Weavers in the Temple ofUser-maat-reSetep-en-re in the Estate of Amun (on the West of Thebes) (=Ramesseum);
Chief of Weavers (of the  Lord of the Two Lands);",32.60852,25.73006,
134,20,Dyn (19)/20,Lower Qurna,Thauenany called Any,"Priesthood
(AI)",Priest of Amenhotep who Rows on the   Water of Amun;,32.60893,25.73112,
135,20,Dyn (19)/20,Lower Qurna,Bakenamun,Priesthood (Amun),wab priest in front of Amun;,32.60897,25.73109,
136,19,,Lower Qurna,Unknown,Royal admin,"Royal Scribe;
[...] of the  Lord of the Two Lands",32.60887,25.73007,
137,19,RII,Lower Qurna,Mose,Royal admin & temple admin (Amun),Chief of Works of the Lord of the Two Lands in Every Monument of Amun;,32.60894,25.73019,
138,19,RII-end Dyn 19,Lower Qurna,Nedjemger,Temple admin (Atnun- Ramesseum),Overseer of the Garden (in the Temple ofUser-maat-re Setep- en-re in the Estate of Atnun) (=Ramesseum);,32.61106,25.73036,
139,18,AIII,Lower Qurna,Pairy,Priesthood,Priest in front;,32.60831,25.73099,
140,18,TIii/All,Dra Abu el-Naga west,Neferrenpet called Kefia,Craftsman,Goldsmith; Sculptor;,32.62237,25.73555,
141,20,Unknown,Dra Abu el-Naga west,Bakenkhonsu,Priesthood (Amun),wab priest of Amun;,32.62248,25.73572,
142,18,TIII/AII,Dra Abu el-Naga west,Samut,Temple admin (Amun),Overseer of the Works of Amen-Re in Karnak;,32.62142,25.73582,
143,18,TIII/All,Dra Abu el-Naga east,Unknown,,Unknown (Leader of an expedition?),32.62331,25.73711,
144,18,TIII?,Dra Abu el-Naga west,Nu,General admin,Chief of the Field-labourers;,32.62183,25.73598,
145,18,Hat/TIII,Dra Abu el-Naga west,Nebamun,Military,Captain of Troops;,32.62168,25.73652,
146,17/18,Unknown,Dra Abu el-Naga east,Nebamun,"Temple admin (Amun)
& general admin","Overseer of the Granary of Amun; Scribe;
Counter of Grain;",32.62291,25.73624,
147,18,TIV/AIII,Dra Abu el-Naga east,Neferennpet *,"Priesthood (Amun) &
temple admin","Head of the Master of Ceremonies of Amun in  Karnak;
Scribe and Counter of Cattle of Amun in U and  LE;",32.62329,25.73722,
148,20,RIII/RV,Dra Abu el-Naga east,Amenemopet,"Priesthood (Amun (-Ra), Mut & Ra)","3rd Priest of Amun-Ra, King of the Gods; Priest of Amun;
High Priest of Mut in Isheru; Divine Father;
Chief of Secrets of Heaven, Earth and the Underworld;
Greatest of Seers of Ra in Thebes;",32.62421,25.73774,
149,18 & 20,Unknown,Dra Abu el-Naga east,"(1)?
(2) Amenmose","(1)?
(2) Royal admin &
temple admin (Amun)","(1)?
(2) Royal Scribe of the Table of the Two Lands;
Overseer of the Huntsmen of Amun;",32.62458,25.73816,
150,18,"AIII-
Amarna?",Dra Abu el-Naga east,Userhet,Temple admin (Amun),Overseer of the Cattle of Amun;,32.62601,25.73879,
151,18,TIV/AIII,Dra Abu el-Naga east,Hety,Temple admin (Amun),"Scribe, Counter of Cattle of the God's Wife of Amun; Steward of the God's Wife;",32.62589,25.73891,
152,"18&
19/20","(l)AIII-
Amarna
(2) Ram?",Dra Abu el-Naga east,"(1)?
(2)?",,"(1) Unknown
(2) Unknown",32.62578,25.73903,
153,19/20,Unknown,Dra Abu el-Naga east,Unknown,,Unknown,32.62567,25.7392,
154,18,earlyDyn 18-TIII,Dra Abu el-Naga east,Teti,Royal admin,Butler,32.62516,25.73858,
155,18,Hat/TIII,Dra Abu el-Naga east,Intef,"Royal admin, local admin & general admin","(Chief)/(Great) Herald (of the King); Director of all Works of the Palace; Chief Steward
Overseer of the Granaries;
Great Chief of the Thinite nome; Mayor ofThinis;
Great Chief of the Oasis in its Entirety; Excellent Scribe (of Reckoning)/ (Investigating Title-deeds);  Hereditary Prince and Mayor;
Great Companion; Sole Companion;",32.62541,25.73825,
156,19,(Hor)/RII,Dra Abu el-Naga west,Pennesuttawy,Military & local admin,"Captain of Troops;
Overseer of (Southern) Foreign Lands;",32.61927,25.73613,
157,19,RII,Dra Abu el-Naga west,Nebwenenef,Priesthood (Amun) & general admin,"High Priest of Amun;
High Priest of Hathor, mistress of Iwnet (=Esna);
Overseer of all the Priests of All the Gods;
Overseer of the Priests of the Lords of Thebes;
Divine Father;
Greatest of Seers, (pure of hands) in Thebes;
Overseer of Works;
Overseer of the  Double House (=Treasury) of Silver and Gold; Overseer of All Craftsmen in Thebes; Overseer of the Granary;
Hereditary Prince and Mayor; Mayor;",32.6195,25.73605,
158,19,"SII/Tau/
(RIIl)",Dra Abu el-Naga west,Tjanefer,Priesthood (Amun),"(3rd)  Priest of Amun; Divine Father,
wab priest of Amun in Karnak; Greatest of Seers of Ra (and Atum) in Thebes;",32.61896,25.73635,
159,19/20,Unknown,Dra Abu el-Naga west,Raia,Priesthood (Amun),4th Priest of Amun;,32.61908,25.73603,
161,18,AII,Dra Abu el-Naga west,Nakht,Priesthood (Amun),Bearer of the Floral Offerings of Amun;,32.6198,25.73516,
162,18,AIII,Dra Abu el-Naga west,Kenamun,Local admin & temple admin (Amun),Mayor in the Southern City; Overseer of the Granary of Amun;,32.62095,25.73505,
163,19,Unknown,Dra Abu el-Naga west,Amenemhet,Local admin & royal admin,Mayor of the Southern City; Royal Scribe;,32.62035,25.73608,
164,18,(Hat)/ TIII,Dra Abu el-Naga west,Intef,Military,Scribe of Recruits;,32.61993,25.73535,
165,18,TIV/AIII,Dra Abu el-Naga east,Nehemaaway,General & temple admin (Amun),Goldworker; Sculptor of Amun;,32.62381,25.73672,
166,18/19,Hor/SI,Dra Abu el-Naga east,Ramose,Temple admin (Amun) & general admin,Overseer of Works in Karnak; Overseer of Cattle;,32.62466,25.73795,
167,17/18,Unknown,Dra Abu el-Naga east,Unknown,?,Unknown,32.62419,25.73731,
168,19,RII,Dra Abu el-Naga west,Any,Priesthood (Amun),"Divine Father of Amun in Karnak; Divine Father, Clean of Hands; Chosen Lector Priest of the Lord of Gods;",32.61767,25.73427,
169,18,AII,Dra Abu el-Naga west,Senna,Temple craftsman (Amun),Chief of the Goldsmiths of Amun;,32.61817,25.73425,
170,19,RII-end Dyn19,el-Khoka,Nebmekhyt,Military & temple admin (Ramesseum),Scribe of the Recruits of the Temple of User-maat-re Setep- en-re in the Estate of Amun (=Ramesseum);,32.61194,25.73116,
171,18,Dyn18,el-Khoka,Unknown,,Unknown,32.61194,25.73115,
172,18,TIIl/All,el-Khoka,Montuywy,Royal admin,"Royal Butler; Royal Seal-bearer; Hereditary Prince; Sole Companion;
Child of the  Nursery;",32.61181,25.73313,
173,19,Dyn19,el-Khoka,Khay,Temple admin,Scribe of the Divine Offerings of all the Gods of Thebes;,32.6115,25.73226,
174,18 & 20,Dyn18 &20,el-Khoka,"(1)?
(2) Aashaket","(1)?
(2) Priesthood (Mut)","(1)?
(2) wab Priest in front ofMut;",32.61141,25.7327,
175,18,TIV/AIII,el-Khoka,Unknown,,Unknown,32.61137,25.73233,
176,18,AII/TIV,el-Khoka,Amenuserhet,,"Servant, Clean of Hands;",32.61132,25.73211,
177,19,RIl-end Dyn 19,el-Khoka,Amenemopet,Temple admin (Amun- Ramesseum) & priesthood (Amun- Ramesseum),"True Scribe in the Temple ofUser-maat-re Setep- en-re (=Ramesseum) in the  Estate of Amun;
wab Priest;
Lector Priest (of Amun (in the Temple of User- maat-re Setep-en-re)) =Ramesseum;",32.61133,25.73204,
178,19,RII,el-Khoka,Neferrenopet called Kenro,Temple admin (Amun(-Re) & priesthood,"Scribe of the (Double) House of Silver (=Treasury) in/ of the Estate of Amun-Re, King of the Gods; Scribe of the Divine Treasury [of] the  Estate  of Amun;
Scribe of Divine Offerings (of the Estate of Amun); Scribe of the Mansion of Gold of Amun;
wab Priest;",32.61213,25.73234,
179,18,Hat,el-Khoka,Nebamun,Temple admin (Amun),"Scribe;
Counter of Grain in the Granary of the  Divine offerings of Amun;",32.6124,25.73241,
180,19/20,(Dyn 19/) Ram,el-Khoka,Unknown,,Unknown,32.61242,25.73241,
181,18,AIII/AlV,el-Khoka,(l)Nebamun and (2)Ipuky,(1&2) Royal admin& craftsman,"(1) Chief Sculptor of the  Lord of the Two Lands, Guardian of the Secret Place ofHerihermeru; Keeper of the Balance in the Holy Place;
child of the  Nursery;
(2) Sculptor of the Lord of the Two Lands; Guardian of the Holy Place;
Keeper of the Balance of the Lord of the Two Lands;",32.61209,25.73264,
182,18,TIII,el-Khoka,Amenemhet,General admin,Scribe of the Mat;,32.61238,25.73224,
183,19,RII,el-Khoka,Nebsumenu,"Royal admin, priesthood (Amun) & temple admin (Amun(-Ra)  & Re-Atum)","Chief Steward of the  Lord of the Two Lands (in the Southern City);
Chief Steward of Thebes; (True) Royal scribe; Chamberlain;
Festival Leader of Amun;
Festival Leader of the lords of Thebes;
Overseer of the Double House of Silver of Amun (-Ra);
Divine Father ofRe-Atum;",32.61274,25.73229,
184,19,RII,el-Khoka,Nefermenu,"Local admin, royal admin & temple admin (AI &Amun)","Mayor in/ of the Southern City; Royal Scribe;
Chief Steward of the Temple of Djoser-k-are (AI); Overseer of the Granar(y/ies) of Amun;",32.61278,25.73252,
185,FIP,FIP,el-Khoka,Senyiker,Temple admin,"Hereditary Prince, Mayor;
Divine Seal-bearer;",32.61282,25.73265,
186,OK-FIP,Dyn6?,el-Khoka,Iky,"Local admin, royal admin, general admin & priesthood","Great Chieftain of the Nome/ District;
Overseer of Granaries;
Royal Chamberlain of the Great House;
Overseer of the Phyles of the Nome;
Chief of Secrets of Every Word that is Brought
to the Nome /District;
Staff of the People;
Estate Manager;
Lector Priest;
Judge and Border Official of the pre-eminent
place;
Sole Companion;",32.6132,25.73255,
187,19&20,Unknown,el-Khoka,"(1)?
(2) Pakhyhet","(1) Priesthood & royal admin
(2) Priesthood
(Amun)","(1) High Priest; Royal Scribe;
(2) wab Priest of Amun;",32.61337,25.73314,
188,18,AIII/AIV,Asasif,Parennefer,Royal admin & priesthood,"Royal Butler, Clean of Hands; Overseer of the Priests of all the Gods;",32.61299,25.7337,
189,19,endRII/ (Mer),Asasif,Nakht-djehuty,Temple craftsman (Amun),"Overseer of Carpenters (of the Northern Lake (of Amun));
Chief of Goldworkers in the Estate of Amun;",32.61183,25.7343,
190,19,RII,Asasif,(1)?,(1)?,(1)?,32.61176,25.73436,
192,18,AIII/AIV,Asasif,Kheruefcalled Senaa,"Royal admin &
General admin","Steward of the Great Royal Wife Tiye; (True) Royal Scribe;
Controller of Monuments; Chief Royal Herald;
Royal Seal-bearer; Overseer of Seal-bearers;
Chief of Secrets of the Palace; Director of the Palace; Hereditary Prince and Mayor; Sole Companion;",32.61153,25.73427,
193,20,(Dyn 19)/ 20,Asasif,Ptahemheb,Temple admin (Amun),Great One of the  Seal in the  House of Silver (=Treasury) of the Estate of Amun;,32.61182,25.73423,
194,19,RII,Asasif,Djehutyemheb,Temple admin (Amun) & royal admin,"Overseer of Marshland Dwellers/ Peasants of the  Estate of Amun; Scribe of the Divine Offerings of the Estate of Amun;
Royal Scribe;",32.61182,25.73419,
195,20,Dyn20,Asasif,Bakenamun,Temple admin (Amun),Scribe of the Treasury of the Estate of Amun;,32.6118,25.73414,
198,19/20,Ram,el-Khoka,Rayia,Temple admin (Amun),Chief of the Storehouse of Amun in Karnak;,32.61115,25.73329,
199,18,Dyn18,el-Khoka,Amenirnefer,General admin,Overseer of the Storehouse;,32.61128,25.73318,
200,18,TIII/All,el-Khoka,Dedi,"Local admin, temple admin (Amun)& military","Overseer of the Deserts on the West of Thebes; Overseer of the Deserts on the West (of the  town) (=Thebes);
Captain of the neshmet bark 'Beloved of Amun'; Chief of the Regiment of Pharaoh;
Chief of the  Medjay (=Police);
Standard-bearer of the Regiment of his Majesty;",32.6112,25.73303,
201,18,TIV/AIII,el-Khoka,Re,Royaladmin,1st Royal Herald (of the  Lord of the Two Lands);,32.61144,25.73316,
202,20,Dyn20,el-Khoka,Nakhtamun,Priesthood (Ptah &Amun),"Priest of Ptah, Lord of Thebes; wab Priest in Front of Amun;",32.61193,25.73329,
203,18&19,"Dyn 18 &
RII",el-Khoka,"(1)?
(2) Wennefer","(1)?
(2) Priesthood (Mut)","(1)?
(2) Divine Father (of Mut);
Divine Father of the Lords of Thebes; Chief of Secrets of Mut;",32.61167,25.73316,
204,18,Dyn18,el-Khoka,Nebanensu,Temple admin (Amun),[Sailor of the High Priest] of Amun;,32.61252,25.73281,
205,18,TIII/AII,el-Khoka,Djehutymose,Royal admin,Royal Butler;,32.61266,25.73278,
206,20,(Dyn 19)/ 20,el-Khoka,Inpuemheb,Scribe (PoT),Scribe in the Place of Truth;,32.6128,25.73282,
207,20,RIII,el-Khoka,Horemheb,Temple admin (Amun),Scribe of the Divine Offerings of Amun;,32.6122,25.73342,
208,20,(Dyn 19)/ 20,el-Khoka,Roma,Priesthood (Amun-Ra),Divine Father of Amun-Re;,32.61241,25.73337,
210,19,RII,Deir el-Medina,Ra,Craftsman (PoT),Servant in the Place of Truth,32.60033,25.7279,
211,19,SII/Sip,Deir el-Medina,Paneb,Craftsman (PoT),Servant of the Lord of the Two Lands in the  Place of Truth (on the West of Thebes);,32.60053,25.7292,
212,19,RII,Deir el-Medina,Ramose (TT7 & TT250),Scribe (PoT),(Royal) Scribe (in the Place of Truth);,32.6004,25.72914,
213,20,RIII?,Deir el-Medina,Penamun,Craftsman (PoT),"Servant in the Place of Truth on the West of Thebes;
Servant of the Lord of the Two Lands;",32.60031,25.72803,
214,19,RII,Deir el-Medina,Khawyheb,Local admin (PoT) & temple admin (Amun),Guardian (of the Lord of the Two Lands) in the  Place of Truth; Servant (of Amun);,32.60034,25.72751,
215,19,SI/RII,Deir el-Medina,Amenemopet,"Scribe, craftsman& local admin (PoT)","(Royal) Scribe (in the Place of Truth);
Overseer of Workmen in the Place of Eternity;
Mayor in the  Necropolis (lit. Desert of eternity);
Scribe of the Cattle in the Place of Truth;",32.60173,25.72899,
216,19,RII/SII,Deir el-Medina,Neferhotep,Craftsman (PoT),Foreman (in the Place of Truth); Great One of the Gang;  Overseer of Works;,32.60027,25.72892,
217,19,RII,Deir el-Medina,Ipuy,Craftsman (PoT),"Sculptor (in the Place ofTruth(on the  West of Thebes));
Sculptor of Amun in the  Place of Truth on the West of Thebes; Servant (in the Place of Truth);",32.60034,25.72864,
218,19,RII,Deir el-Medina,Amennakht,Craftsman (PoT),Servant in the Place of Truth (on the West of Thebes);,32.60061,25.72786,
219,19,RII/Mer,Deir el-Medina,Nebenmaat,Craftsman (PoT),Servant (of the Lord of the Two Lands) in the Place of Truth (on the West of Thebes);,32.60061,25.72786,
220,19,RII/Mer,Deir el-Medina,Khaemteri,Craftsman (PoT),Servant in the Place of Truth;,32.60061,25.72786,
221,20,(RIII),Qurnet Murai,Horimin,Military & temple admin (Amun- Ramesseum),"Scribe of the army in the temple on the west of Thebes;
Scribe of the temple [of] User- maat-re Setep-en-re of the estate of Amun;",32.60326,25.72524,
222,20,RIII/RIV,Qurnet Murai,Hekermaatre- nakht called Turo,Priesthood (Montu),"High Priest of Montu, Lord of Thebes;
Overseer of Priests of all the Gods;",32.6036,25.72567,
224,18,Hat/TIII,Lower Qurna,Ahmose called Humay,Temple admin,Steward of the God's Wife;,32.60879,25.73043,
225,18,TIII,Upper Qurna,poss. Amenemhat,Priesthood (Hathor),High Priest of Hathor;,32.6078,25.73208,
226,18,AIII,Upper Qurna,prob. Hekareshu,"Royal admin, temple admin (Amun)","(True) Royal Scribe;
Overseer of the  Nurse(s) of the Royal Son; Overseer of all Works of the  King; Steward of the King /of  his Majesty;
Steward of the Temple of Menkheperra in the Estate of Amun;
Fan-bearer at the Right of the King;
Door-keeper of Amun Lord of the Thrones of the Two Lands;
Eyes of the King (ofUE, Ears of the King of LE); Hereditary Prince and Mayor;
Sole Companion;",32.60804,25.73257,
227,18,Hat/TIII,Upper Qurna,poss. Siamun,,"Unknown
(brother of TT 67?)",32.60877,25.73247,
228,18,TIII,Upper Qurna,Amenmose(usurped Ram?),Temple admin (Amun),Scribe of the Treasury of Amun;,32.60922,25.73325,
229,18,(TIII)/AII,Upper Qurna,Unknown,,Unknown,32.60782,25.73276,
230,18,,Upper Qurna,Men?,Military,Scribe of the Army of the Lord of the Two Lands?,32.60769,25.73257,
231,18,Unknown,Dra Abu el-Naga west,Nebamun,Temple admin (Amun),"Scribe;
Counter of the Grain of Amun in the Granary of the Divine Offerings;",32.62168,25.73663,
232,"17/18 &
20",Unknown,Dra Abu el-Naga east,(1) Amenhotep (2) Tharwasa,"(1) Temple admin
(2)
Temple admin (Amun)","(1) Secretary of the God's Wife
(2)Scribe of the  Divine Seal of the  Estate of Amun;",32.62361,25.73726,
233,19/20,Unknown,Dra Abu el-Naga east,"(1) Saroy
&
(2) Amenhotep Huy","(1) Royal admin, temple admin (Amun), priesthood
(2) Royal admin","(l)Royal Scribe of the Offering Table of the Lord of the Two Lands;
Keeper of the Royal Documents in the Presence of (the King);
Festival Leader;
Counter of Cattle in the Estate of Amun; Royal Messenger to Foreign Lands; Overseer of the Huntsmen of Amun;
Royal Scribe (of the House of Rituals of the Lord of the Two Lands);
Scribe of the smA.y (Archive?) of the Lord of the Two Lands;
(2) Royal Scribe of the Offering Table of the Lord of the Two Lands;",32.62437,25.73808,
234,18,Dyn 18- Hat,Dra Abu el-Naga east,Roy,Local admin,Mayor;,32.62496,25.73889,
235,20,,Qurnet Murai,Userhet,Priesthood (Montu),"High Priest of Montu, Lord of Thebes;",32.60383,25.72599,
236,19/20,Ram,Dra Abu el-Naga west,Hornakht,Priesthood (Amun) & temple admin (Amun),"2nd Priest of Amun;
Overseer of the Treasury of Amun;",32.61658,25.73461,
237,19/20,Ram,Dra Abu el-Naga west,Wennefer,Priesthood,Chief Lector Priest;,32.6167,25.7345,
238,18,AII,el-Khoka,Neferweben,Royal admin,"Royal Butler, Clean of Hands;",32.61247,25.73288,
239,18,TIV/ AIII,Dra Abu el-Naga east,Penhut,Local admin,Governor of All Northern Lands;,32.62402,25.7374,
240,11,Mon II,Unknown,Meru,General admin,Overseer of Sealders;,32.61132,25.7384,
241,18,Hat/TIil,el-Khoka,Ahmose,"Temple admin &
priesthood","Scribe of the Divine Writings;
Chief of Mysteries (in) the House of the Morning (=Robing Room);
Child of the  Nursery;",32.61275,25.73262,
244,19/20,Ram,Asasif,Pakaru,Temple craftsman (Amun),Overseer of Craftsmen of the Temple of Amun;,32.61133,25.73444,
245,19,(Dyn 18)/ 19,el-Khoka,Hor,Royaladmin,"Scribe;
Steward of the Royal Wife;",32.61173,25.73209,
246,18,(Hat)/ TIII,el-Khoka,Senenre,General admin,Scribe;,32.6117,25.73212,
247,18,TIV/AIII,el-Khoka,Samut,Temple admin (Amun),"Scribe;
Counter of the Cattle of Amun;",32.61176,25.7321,
248,18,(TIII)/ All,el-Khoka,Djehutymose,"Temple admin (TIII),",Offerer (Maker of Offerings?) of Men-kheper-re (=TIII);,32.6118,25.73216,
249,18,(TIV)/AIII,Lower Qurna,Neferrenpet,"Temple admin
(AIII)",Keeper of Dates in the Temple of Neb-maat-re (=AIII);,32.61034,25.73043,
250,19,RII,Deir el-Medina,Ramose (TT7 & TT212),Scribe (PoT),Scribe in the Place of Truth;,32.60078,25.72828,
251,18,EarlyTIII,Upper Qurna,Amenmose,Royal admin & temple admin (Amun),"Royal Scribe;
Overseer of the Storehouse of Amun; Overseer of the Cattle of Amun;",32.60923,25.73274,
252,18,Hat,Upper Qurna,Senamun,Royaladmin,Steward of the Royal Daughter; Nurse of the  God's Wife Neferure; Nurse of the God's Wife Hatshepsut;,32.60842,25.73371,
253,18,AIII,el-Khoka,Khnummose,Temple admin (Amun),"Scribe;
Counter of Grain in the  Granary of Amun; Counter of Grain in the  Granary of Divine Offerings;",32.61194,25.73252,
254,18,Tut-Ay,el-Khoka,Mose,General admin & royal /  temple admin,Scribe of the House of Silver (=Treasury); Keeper/Custodian of the Estate of Tiye in the Estate of Amun;,32.61189,25.73252,
255,18/19,Hor/SI,Dra Abu el-Naga east,Roy,Royal admin & temple admin (Amun),"Royal Scribe;
Steward in the Estate ofHoremheb; Steward in the Estate of Amun;",32.62447,25.73755,
256,18,TIII/AII,el-Khoka,Nebenkemet,Royal admin & military,"Fan-bearer;
Chief of the Stable;
Follower of his Lord on his Expeditions on Water, on Land, and in all Foreign Countries;
Hereditary Prince, Mayor; Child of the  Nursery;",32.6115,25.73252,
257,18&20,"AIII-AIV &
Dyn20",el-Khoka,(l)Neferhotep (2)Mahu,"(1) Temple admin (Amun)
(2) Temple admin (Amun)","(1) Scribe;
Counter of the Grain of Amun;
(2) Deputy in the Temple ofUser-maat-re Setep- en-re in the Estate of Amun on the  West of Thebes (=Ramesseum);
Scribe of Divine Offerings of the  Lords of Thebes;",32.61159,25.73249,
258,18,TIV,el-Khoka,Menkheper,Royal admin,Royal Scribe of the  House of the Royal Children; Child of the  Nursery;,32.61179,25.73212,
259,20,Unknown,Lower Qurna,Hori,"Priesthood, temple craftsman (Amun)& temple admin (Amun)","wab priest;
Scribe in all the Monuments of the Estate of Amun;
Chief of the Outline-draughtsmen in the House of Gold of the Estate of Amun;",32.61102,25.73025,
260,18,TIII,Dra Abu el-Naga west,User,Temple admin (Amun),"Measurer of [Amun];
Overseer of the Ploughed Lands of [Amun];
Overseer of the Field-labourers of Amun;",32.62173,25.73615,
261,18,TIII/(AII),Dra Abu el-Naga west,Khaemwaset,Priesthood (AI),wab priest of Amenhotep (=AI);,32.62175,25.73624,
262,18,(Hat)/ TIII,Dra Abu el-Naga west,Unknown,General admin,Overseer of the Arable Land (Fields);,32.61783,25.73409,
263,19,RII,Lower Qurna,Piay,Temple admin (Amun- Ramesseum),"Scribe of the Storehouse (of) Atnun- United-with Thebes;
Scribe of the Storehouse in the Temple of User-Maat-re Setep- en-re in the Estate of Amun (=Ramesseum);
Chief of the Storehouse of Amun- United-with Thebes in the Middle of the Temple of User-Maat-re Setep-en-re in [the Estate] of Atnun (=Ramesseum);",32.60915,25.73099,
264,19,RII/Mer,el-Khoka,Ipy,General admin,"Overseer of Cattle;
Great One of the Lord of the Two Lands;",32.61122,25.7327,
265,19,SI/RII,Deir el-Medina,Amenemopet,Scribe (PoT),"Royal Scribe;
Scribe in the  Place of Truth on the West of Thebes;",32.60028,25.72901,
266,20,(end Dyn 19)/ early 20,Deir el-Medina,Amennakht,Craftsman (PoT),Chief Craftsman in the Place of Truth;,32.60022,25.72879,
267,20,Unknown,Deir el-Medina,Hay,"Local admin  & craftsman (PoT), temple admin (Amun)","Deputy of the Workmen in the Place of Truth (on the West of Thebes);
[Maker] of the Images of all the Gods in the  Mansion of Gold (=Sculptor's Workshop);
Chief Craftsman of the Lord of the Two Lands in the  House of Eternity; Outline Draughtsman of Amun in the Place of Truth on the West of Thebes;
Temple Scribe of the Estate of Amun, lord ofKarnak;",32.60025,25.72873,
268,18/19,Unknown,Deir el-Medina,Nebnakht,Craftsman (PoT),Servant (of the Lord of the Two Lands) in the Place of Truth;,32.60087,25.72805,
269,19-21,Ram,Lower Qurna,Unknown,Unknown,Unknown,32.60937,25.73118,
269,19/20,Ram,Deir el-Medina,Unknown,?,Unknown,32.60937,25.73118,
270,"MK&
19/20","MK&
Ram",Qurnet Murai,"(l)Unknown
(2) Amenemwia","(1)?
(2) Priesthood (Ptah-Sokar)","(1)?
(2) wab priest;
Lector Priest of Ptah-Sokar;",32.60402,25.72579,
271,18,Ay,Qurnet Murai,Nay,Royal admin,Royal Scribe,32.6029,25.72537,
272,20,,Qurnet Murai,Khaemopet,Priesthood (Amun & Sokar),"Divine Father (of Amun in Thebes);
wab priest;
Lector Priest in the Temple of Sokar;",32.60445,25.72566,
273,20,,Qurnet Murai,Sayemitef,Royal admin,Scribe in the  Estate of his Lord;,32.60443,25.72569,
274,19,(RII)/Mer,Qurnet Murai,Amenwahsu,Priesthood (Montu & Amun),"High Priest of Montu - Lord of Djeret (=Tod --5th UE nome) / Thebes;
sem priest in the Temple of User-
Maat-Re Setep-en-re (in) the Estate of Amun (=Ramesseum);",32.60411,25.72537,
275,18,Amarna- (Tut/ Hor),Qurnet Murai,Sobekmose,"Priesthood (AIII
& Sokar)","wab priest;
Chief Divine Father in the Temple of Nebmaatre (=AIII) /  Sokar;",32.60349,25.72519,
276,18,TIII/AII,Qurnet Murai,Amenemopet,"Royal admin &
general admin","Hereditary Prince, Mayor; Royal Seal-bearer;
Overseer of the Double House of Gold (=Treasury);
Overseer of the Double House of Silver
(= Treasury);
sab (=Judge?);
Overseer of the Audience-Chamber (=Chamberlain);
Sole Companion;",32.60346,25.72531,
277,20,Unknown,Qurnet Murai,Ameneminet,"Priesthood (Ptah
{-Sokar) & AIII)","Divine Father of Ptah {-Sokar); Divine Father of the Temple of Neb-Maat-Ra (AIII) and  of the Temple of Sokar;
Divine Father in the Temple of Sokar;
wab priest; Lector Priest;
Chief of Secrets in the Temple of Eternity;",32.60346,25.7247,
278,20,Unknown,Qurnet Murai,Amenemhab,Temple admin (Amun-Re),Herdsman of Amun-Re,32.60343,25.72473,
280,MK,Amen I,Deri el-Bahri,Meketre,General admin,"[Hereditary Prince] Mayor;
Chief Steward inc;
Overseer of the Seal (Chancellor);",32.60312,25.73465,
281,MK,Amen I,Deri el-Bahri,Unfinished Mortuary Temple/ Royal Tomb- Amenemhatl,,Unknown,32.60168,25.73307,
282,19,RII,Dra Abu el-Naga west,Nakht/ Menunakht,Military,Captain of Troops;,32.61831,25.73622,
283,19,RII- SII,Dra Abu el-Naga west,Roma (Roy),Priesthood (Amun),High Priest of Amun;,32.61851,25.73615,
284,"19 &
20","(Dyn 18)/ 19
before RII &
Dyn 20",Dra Abu el-Naga west,"(1) Unknown
(2)
Pahemneter","(1) ?
(2) Temple admin","(1) Unknown
(2) Scribe of the Offerings of All the Gods;",32.6187,25.73589,
285,"19 &
20",Unknown,Dra Abu el-Naga west,"(1)Iny
(2) ?","(1) Temple admin (Mut)
(2) ?","(1) Chief of the Storehouse of Mut;
(2) ?",32.61881,25.73596,
286,19,Unknown,Dra Abu el-Naga west,Niay,General admin,Scribe (of the Offering Table);,32.61904,25.73596,
287,19/20,Ram,Dra Abu el-Naga west,Pendua,Priesthood (Amun),wab priest of Amun;,32.61916,25.73605,
288,19,RII,Dra Abu el-Naga west,(1) Setau,(1) ?,(1) TT 289?,32.61889,25.73604,
289,19,RII,Dra Abu el-Naga west,Setau,Local admin & general admin/ royal? & temple admin (Amun),"Kingfs Son of Kush;
Overseer of the Southern Foreign Lands;
Steward;
Overseer of the House of Silver (=Treasurer) of Amun;",32.61886,25.73598,
290,20,(RII)/Dyn 20,Deir el-Medina,Irynefer,Craftsman (PoT),Servant (in the Place of Truth);,32.6009,25.72894,
291,18,after Amarna/Hor,Deir el-Medina,"(1) Nu&
(2) Nakhtmin","(1) Craftsman (PoT)
(2) Craftsman (PoT)","(1) Servant in the Great Place;
(2) Servant in the Place of Truth;",32.6009,25.72893,
292,19,SI/RII,Deir el-Medina,Pashedu,Craftsman (PoT),Servant in the Place of Truth;,32.60036,25.72907,
293,"19/20 &
20","(l)Ram
(2) RIX/
RXI?",Dra Abu el-Naga east,"(l)Ramessenakht (2)
Nebmaatrenakht?","(!)Priesthood (Amun)
(2) General admin?","(1) High Priest of Amun;
(2) Overseer of the Town, Vizier?",32.62358,25.73745,
294,"18&
19/20","TIII/AIII &
Ram",el-Khoka,"(1) Amenhotep / Sen-djehuty
(2) Roma","(1) Temple admin (Amun)
(2) Priesthood (Amun)","(1) Overseer of the Granaries of Amun;
(2) wab Priest of Amun;",32.61192,25.73263,
295,18,TIV/ AIII,el-Khoka,Djehutymose called Paroy,"Royal admin, general admin, & priesthood (Anubis)","Chief of Secrets in the chest of Anubis; Chief in/ of the Chest of Anubis;
Chief of Secrets in the Place of Embalmment;
sem Priest (in the Place ofEmbalmment); Scribe; Embalmer;
Hereditary Prince, Mayor; Great Companion;
Seal-bearer of the King of LE; Royal Scribe;
Follower of the King...; Chief of the Library;
Overseer of the Western House;",32.61201,25.7324,
296,19,RII,el-Khoka,Nefersekheru,"Temple admin &
royaladmin","Scribe of the Divine Offerings of all the Gods of Thebes;
Deputy of the Treasury (of the Lord of the Two Lands in the  (Southern) City);
Scribe of the Treasury of the Lord of the Two Lands;
Royal Scribe (of the Lord of the Two Lands);",32.61206,25.73237,
297,18,Unknown,el-Khoka,Amenemopet called Thanefer,Temple admin (Amun),"Scribe, Counter of the Grain of Amun; Overseer of the Fields [of Amun];",32.61175,25.73355,
298,20,"(1&2)
(endDyn 19)/20",Deir el-Medina,"(1) Baki &
(2) Wennefer","(1) Craftsman (PoT)
(2) Craftsman (PoT)","(1) Foreman in the  Place of Truth; Great One of the Gang =Chief Workman;
Servant in the Place of Truth;
(2) Servant of the Lord of the Two Lands in the Place of Truth on the West of Thebes;",32.60062,25.72799,
299,20,RIII/RIV,Deir el-Medina,Inherkhau (TI359),Craftsman (PoT),"Foreman (of the Lord of the Two Lands) in the Place of Truth on the West of Thebes;
Overseer of Works of the Lord of the Two Lands in the Place of Truth;
Overseer of Works in the  Horizon of Eternity (=King's Tomb); Servant in the Place of Truth;",32.60024,25.72774,
300,19,RII/ Mer,Dra Abu el-Naga west,Anhotep,Local admin & royal admin,"Kingfs Son of Kush;
Overseer of the Southern Foreign Lands;
Scribe of the Offering Table of the Lord of the Two Lands;",32.61909,25.73622,
301,20,Unknown,Dra Abu el-Naga west,Hori,Royal admin & temple admin,Scribe of the Offering Table of the Lord of the Two Lands in the Estate of Amun;,32.61913,25.73622,
302,19/ 20,Ram,Dra Abu el-Naga west,Paraemheb (or Userhet),Temple admin (Amun),Chief of the Magazine of Amun;,32.62099,25.73483,
303,20/21,Unknown,Dra Abu el-Naga west,Paser,Temple admin (Amun) & priesthood (Amun),Chief of the Magazine [of Amun?]; 3rd Priest of Amun;,32.6192,25.73657,
304,20/21,Unknwon,Dra Abu el-Naga west,Piay,Temple admin (Amun) & royal admin,Scribe of the Offering Table of Amun; Scribe of the Offering Table of the Lord of the Two Lands;,32.61898,25.73603,
305,20,Unknown,Dra Abu el-Naga west,Paser,Priesthood (Amun) & temple admin,wab priest in front of Amun; Scribe of the Divine Offerings of Amun;,32.62167,25.73332,
306,20-21,Unknown,Dra Abu el-Naga west,Irdjanen,Temple admin (Amun),Door-opener of the Estate of Amun;,32.6216,25.73332,
307,20,Unknown,Dra Abu el-Naga west,Tjunefer,?,Unknown,32.62156,25.73325,
308,11,Mon II,Unknown,Kemsit,"Royal & priesthood
(Hathor)","Sole Royal Concubine;
Priestess of Hathor;",32.60595,25.73764,
309,19-21,Unknown,Lower Qurna,Unknown,Unknown,Unknown,32.60952,25.7314,
310,11,Unknown,Unknown,?,Royaladmin,"Royal Seal-bearer; Hereditary Prince, Mayor; Sole Companion;",32.6081,25.73865,
311,11,Mon II,Unknown,Khety,"Royal admin, priesthood & general admin","Royal Seal-bearer;
Overseer of the Seal (=Chancellor); Divine Father;
Overseer of the Two Houses of Silver (=Treasury),
Overseer of Silver together with Gold; Overseer of Lapis Lazuli and Turquoise; Overseer of Horn, Hoof, Scale and Feather; Hereditary Prince, Mayor;
Sole Companion;",32.60895,25.73858,
312,11,Unknown,Unknown,?,?,?,32.60934,25.73857,
313,11,Mon II-III,Unknown,Henunu,Royal admin & general admin,"Royal Seal-bearer; Steward;
Overseer of the Great House;
Overseer of Horn, Hoof, Scale and Feather; Overseer of Fowl that Swim, Fly and  Land; Overseer of what is and is not;
Sole Companion;",32.6097,25.73865,
314,11,Unknown,Unknown,Horhotep,Royaladmin,"Royal Seal-bearer; Follower;
Sole Companion;",32.61042,25.7384,
315,11,Mon II,Unknown,lpi,General admin,Governor of the Town and Vizier; Judge;,32.61094,25.73845,
316,11/12,Unknown,Unknown,Neferhotep,Military,Bowman;,32.61166,25.73826,
317,18,Hat/TIII,Lower Qurna,Djehutynefer,Temple admin (Amun),Scribe of Counting the Corn in the Granary of the Divine Offerings [of] Amun;,32.60943,25.7314,
318,18,Hat/Till,Lower Qurna,Amenmose,Temple craftsman (Amun),Stonemason of Amun;,32.6095,25.73135,
319,11,Mon II,Unknown,"Neferu&
Iah",Royal family,Daughter of the  King (Mon I); Royal Wife (of Mon II); Hereditary Noble;,32.60681,25.73801,
320,18,"Ah (cachette
-Dyn 21)",Deri el-Bahri,Inhapi,Royal family,Wife of Ahmose?,32.60536,25.73619,
321,20,(endDyn 19)/20,Deir el-Medina,Khaemopet,Craftsman (PoT),Servant in the Place of Truth (on the  West of Thebes);,32.60058,25.72925,
322,19/20,Ram,Deir el-Medina,Penshenabu,Craftsman (PoT),Servant in the Place of Truth;,32.60048,25.72909,
323,19,SI,Deir el-Medina,Pashedu,Craftsman (PoT &temple- Sokar),"Outline Draughtsman (of Amun) (in the Place of Truth);
Outline Draughtsman in the Temple of Sokar;",32.60063,25.72927,
324,18/19,Ay/SI (Ram),Lower Qurna,Hatiay,Priesthood (all & Sobek &Montu) & temple admin (Montu),"High Priest ofMontu;
Overseer of Priests of all the Gods; High Priest of Sobek;
Scribe of the  Divine Offerings in the Estate ofMontu;",32.60959,25.7304,
325,18,Unknown,Deir el-Medina,Smen,?,Unknown,32.60082,25.72855,
326,19/20,Ram,Deir el-Medina,Pashedu (TT3),Craftsman (PoT),Foreman (in the Place of Truth); 'Great One of the  Gang' =Chief Workman (in the  Place of Truth);,32.60078,25.72889,
327,19/20,Ram,Deir el-Medina,Turobay,Craftsman (PoT),Servant in the Place of Truth;,32.60028,25.72844,
328,19/20,Ram (Dyn 20?),Deir el-Medina,Hay,Craftsman (PoT),Servant in the Place of Truth;,32.6003,25.72848,
329,19,Unknown,Deir el-Medina,"(1) Mose &
(2) annexe of Mose (grandson?)andlpy (son?)","(1) Craftsman (PoT)
(2) Craftsman & military (PoT)","(1) Servant in the Place of Truth;
(2) Servant in the Place of Truth on the West of Thebes;
Soldier of the Gang of the Place of Truth on the West of Thebes;",32.60065,25.72818,
330,19,Unknown,Deir el-Medina,Karo,Craftsman (PoT),Servant in the Place of Truth;,32.60072,25.72925,
331,19,RII,Lower Qurna,Penne called Sunero,Priesthood (Montu) & temple admin,"High Priest of Montu;
Overseer of the  House of Gold and Silver (=Treasury) of all the  Gods;",32.60885,25.73075,
332,19/20,Ram,Dra Abu el-Naga west,Penrennut,Temple admin (Amun),Chief Guardian of the Granary of the Estate of Amun;,32.61959,25.7347,
333,18,after Amarna/ (Ay),Dra Abu el-Naga west,Unknown,?,Unknown,32.62121,25.73494,
334,18,AIII,Dra Abu el-Naga west,Unknown,General admin,Chief of Husbandmen;,32.62114,25.73475,
335,19,RII/Mer,Deir el-Medina,Nakhtamun,"Craftsman (PoT & temple
-Atnun) &
priesthood (AI)","Sculptor of the Lord of the Two Lands (in the Place of Truth); Sculptor in the Place of Truth on the  West of Thebes;
Sculptor of Amun;
Servant in the Place of Truth; Servant of the Lord of the Two Lands/ Good God;
wab priest of the Lord of the Two Lands, Atnenhotep (=AI);",32.60038,25.72812,
336,19,RII/Mer,Deir el-Medina,Neferenpet,Craftsman (PoT) & priesthood (Atnun),"Sculptor (in the Place ofTruth)/(of the  Lord of the Two Lands); Servant in the Place of Truth;
wab priest (of Atnun);",32.60038,25.7282,
337,19,RII,Deir el-Medina,Ken (TT4),Craftsman (PoT),Sculptor (of Atnun);,32.60041,25.72828,
338,18,after Atnarna (Tut/Hor),Deir el-Medina,May,Craftsman (PoT),Outline Draughtsman of Atnun;,32.60072,25.729,
339,19,RII,Deir el-Medina,(1) Huy & (2)Pashedu,Craftsman (PoT),"(1) Servant in the Place of Truth
(2) Servant in the Place of Truth (on  the  West of Thebes); Stonemason of Atnun in Karnak;",32.6005,25.729,
340,18,early Dyn 18- Hat,Deir el-Medina,Atnenemhat (TT 354),Craftsman (PoT),Servant [in the Place of Truth];,32.60043,25.72849,
341,20,(RII)/Dyn 20,Lower Qurna,Nakhtamun,Temple admin,Chief of the Offering Table (in the Temple ofUser-maat-re Setep-en-re (in the  Estate) of Amun (on the West of Thebes) =Ramesseum;,32.60842,25.73052,
342,18,TIII,Lower Qurna,Djehutymose,Royal admin,Deputy Chief Royal Herald;,32.60909,25.7308,
343,18,TIII,Lower Qurna,Benia called Pahekamun,"General admin, royal admin & local admin","Overseer of Works;
Overseer of Works in Karnak; Overseer of Works in Thebes; Overseer of all Works of the King; Overseer of the Seal-bearers (=Chief Treasurer);
Overseer of the Craftsmen of the Lord of the Two Lands;
Child of the  Nursery; Follower of the King; Attendant of the King;",32.60971,25.73113,
344,19,RII,Dra Abu el-Naga east,Piay,Temple admin (Amun(- Ra) & AI) & royal admin,"Overseer of the Cattle of Amun-Re in the Southern City;
Overseer of the Cattle of Amun (in Karnak);
Overseer of the Cattle of All the  Gods; Royal Scribe;
(Royal) Scribe of Counting the Cattle of
Amun;
Scribe of Counting the Cattle... of Amun; Scribe of Counting the Cattle and Herds; Scribe[of Counting the Cattle and] the Herds ofDjeser-ka-re (=AI);",32.62532,25.73749,
345,18,TI-Hat,Lower Qurna,Amenhotep,Priesthood & royal family,"Eldest King's Son of Aa-kheper-ka-re (=TI);
wab priest,",32.60972,25.73097,
346,18 & 20,Dyn 18-AIII (RII) &RIV,Lower Qurna,"(1) Penre
(2) Amenhotep","(1) Military & provincial admin
(2) Royal
admin","(1) Chief of the  Medjay (=Police); Overseer of the Foreign Land of Retjenu (=Syria);
(2) Overseer of the  Women of the Royal Harem of the Adoratress Tentopet (=wife ofRIV);",32.60895,25.73071,
347,Ram,Ram,Lower Qurna,Hori,Local admin,Scribe of the  Nome/ District;,32.60899,25.73097,
348,18,Unknown,Lower Qurna,(1) Unknown,(1) Royal admin & local admin,(1) Chief Steward; Sole Companion; Mayor;,32.60898,25.731,
349,18,earlyDyn 18-Hat,Upper Qurna,Tjay,General admin,Overseer ofFowlhouses;,32.60859,25.73193,
350,18,All/TIV,Upper Qurna,...y,General admin,Scribe of Counting Bread;,32.60852,25.73205,
351,19-20,Ram,el-Khoka,Aabau,Military,Scribe of Horses;,32.61037,25.73266,
352,19-20,Ram (after Mer),el-Khoka,Unknown,Temple admin (Amun),Overseer of the Granary of Amun;,32.6104,25.73266,
353,18,Hat,Deri el-Bahri,Senenmut (TT 71),Royal admin,"(Chief) Steward (of the  king); (Chief) Steward of Amun;
Overseer of the Audience-Chamber (=Chamberlain);
Overseer of the Farmlands of Amun; Overseer of the Double House of Silver (=Treasury);
Overseer of the Double House of Gold (=Treasury);
Overseer of the House of the  Morning (=Robing Room);
Overseer of the Herds of Amun; Overseer of the Cattle of Amun; Overseer of the Priests of Montu of Heliopolis;
Overseer of the Garden of Amun;  Overseer of (all) Precious Things; Overseer of the Granary (of Amun); Overseer of the Works of Amun (in Djeser- Djeseru);
Overseer of all the Works of the King in the  Estate of Amun);
Great One of the Tens of U and  LE; (Hereditary Prince) Mayor;
Priest of Amun-Userhat;
Chief of Secrets in the House of the Morning (=Robing Room)/Chapels/of the West- side/ Colonnade;
Chief of the  Nobles of the  King; Great Chief of the Palace;
Director of the Great Ones of U and  LE; Director of the Broad Court of Amun; Foster Child of the King;",32.60928,25.73729,
354,18,AII/TIV,Deir el-Medina,Atnenemhat (TT 340),Craftsman (PoT),[Servant in the Place of Truth]?,32.60063,25.72817,
355,20,Unknown,Deir el-Medina,Atnenpahapi,Craftsman (PoT),Servant in the Place of Truth;,32.60079,25.72804,
356,19,SI/RII,Deir el-Medina,Atnenemwia,Craftsman (PoT),Servant in the Place of Truth; Great One of the  (Strong) Arm (of the  Place of Truth) /  (of the  Lord of the  Two Lands);,32.60094,25.72829,
357,19,RII,Deir el-Medina,Djehutyheremaktuef,Craftsman (PoT),Servant in the Place of Truth (on the  West of Thebes);,32.60132,25.72928,
358,18,All,Deri el-Bahri,Ahmose Meritamun,Royal family,"Daughter of TIii, Wife of All",32.60716,25.73831,
359,20,RIII/RIV,Deir el-Medina,Inherkhau (TI 299?),Craftsman (PoT),"Foreman in the Place of Truth ((on) the  West of Thebes);
Foreman in the  Place of Eternity; Great One of the Gang in the Place of Truth on the West of Thebes; Overseer of Works in the  Horizon of Eternity (=King's Tomb); Overseer of Works of the Lord of the   Two Lands (in the Place of Truth);
Overseer of Works in the  place of Eternity;
Overseer of Works of the Estate;",32.60071,25.72765,
360,19,RII,Deir el-Medina,Kaha,Craftsman (PoT),Foreman (of the Place of Truth); Great One of the Gang in the Place of Truth (on the West of Thebes) (of the  Necropolis ofMaat;,32.60066,25.72755,
361,19,SI,Deir el-Medina,Huy,Craftsman (PoT),"Great Carpenter in the Place of Truth;
Servant in the Place of Truth;",32.60067,25.7276,
362,20,Unknown,el-Khoka,Paanemwaset,Priesthood (Amun),wab Priest of Amun;,32.61335,25.73304,
363,20,Unknown,el-Khoka,Paraemhab,Temple admin (Amun),Chief of the Singers of Amun;,32.61338,25.73301,
364,20,Dyn20,Asasif,Amenemhab,Temple admin (Amun&all),"Scribe of the Divine Offerings of All the Gods of Thebes;
Scribe of the Granary of Amun;",32.6116,25.73416,
365,18,TII,el-Khoka,Nefermenu,Temple admin (Amun),Chief of the Hairdressers? of Amun in Karnak; Scribe of the House of Silver (=Treasury) of Amun;,32.61212,25.7324,
366,11,Mon II,Asasif,Djar,Royal admin,"Overseer of the King's Harem; Royal Seal-bearer;
Sole Companion;",32.61083,25.7346,
367,18,All,Upper Qurna,Paser,"Military &
honorary","Captain of the Troops (of the  Lord of the Two Lands);
Captain ofTtroops (of his Majesty); Chief Follower of his Majesty; Child of the  Nursery;
Follower of the King on his Expeditions (on Water, on Land and  in all Foreign Countries); Follower of the King on all his Expeditions; Follower of the King in the  Southern and Northern Foreign Lands;",32.60648,25.73188,
368,19/20,(Late 18)/Ram/ (Dyn 19),Lower Qurna,Amenhotep called Huy,Temple craftsman (Amun),Overseer of Sculptors of Amun in the Southern City;,32.60877,25.73056,
369,19,"RII/(Dyn
19)",el-Khoka,Khaemwaset,Priesthood (Ptah &Amun),High Priest of Ptah; 2nd Priest of Amun; 4th  Priest of Amun;,32.61174,25.73254,
370,19,RII/Mer,el-Khoka,Nebneshem,Royal admin & temple admin,"Royal Scribe;
Noble of the Estate of Amun; Overseer of[ ...] of Amun;",32.61173,25.73266,
371,19-20,Ram,el-Khoka,Unknown,,Unknown,32.61165,25.73265,
372,20,RIII/RIV,el-Khoka,Amenkhau,Temple admin,"Overseer of Craftsmen of the Temple;
Overseer of Craftsmen of the Temple of Millions of Years of the King ofU  and LE User-maat-re Mery- amun in the Estate of Amun on the West of Thebes (Medinet Habu);",32.61179,25.73257,
373,19,RII,el-Khoka,Amenmessu,Royal admin,(Royal) Scribe of the  Offering Table (of the  Lord of the  Two Lands);,32.61306,25.73325,
374,19,after RII,Asasif,Amenemopet,Temple admin (Ramesseum),Scribe of the House of Silver (=Treasury) in the Temple of User- Maat-Re Setep-en-re (=Ramesseum);,32.61307,25.7337,
375,19/20,Ram,Dra Abu el-Naga east,Unknown,?,Unknown,32.62578,25.73912,
376,18,TIV,Dra Abu el-Naga east,Unknown,?,Unknown,32.62544,25.73949,
377,20,(endDyn 19)/20,Dra Abu el-Naga east,Unknown,?,Unknown,32.62505,25.73872,
378,18 & 19,"Dyn 18(-
TIII/All) &19",Dra Abu el-Naga east,"(!)Unknown
(2) Unknown",?,"(1) Unknown
(2) Unknown",32.62485,25.7386,
379,19,Dyn 19 (RII),Dra Abu el-Naga east,Unknown,?,Unknown,32.6247,25.73812,
381,19,(RII),Qurnet Murai,Ameneminet?,Royal admin,Messenger of the King to Every Foreign Land;,32.60241,25.72467,
382,19/20,Ram,Qurnet Murai,Usermontu,General admin & priesthood (Montu),"High Priest of Montu, lord of Thebes;
Chief Steward;
Overseer of Cattle in the Granary; Overseer of the Double House of Silver (=Treasury);",32.60299,25.72522,
383,18,AIII,Qurnet Murai,Merymose,Local & royal family,King's son of Kush; King's son of AIII;,32.60319,25.72537,
384,19,Dyn 19,Lower Qurna,Nebmehyt,Priesthood (Amun),wab priest in the Temple of User- maat-re- Setep-en-re (=Ramesseum); [...] of 'Amun-United-with Thebes' who Enters into the Temple of Sokar;,32.60983,25.73143,
385,19,RII,Lower Qurna,Hunefer,"Local admin &
temple admin",Mayor in the  (Southern) City; Overseer of the Granaries (of the Divine Offerings) of Amun;,32.6075,25.73086,
386,11,Unknown,Asasif,Intef,General admin & military,Royal Seal-bearer; Overseer of the Army;,32.61352,25.73452,
387,19,RII,Asasif,Meryptah,Royal admin & local admin,"Royal Scribe of the Offering Table of the Lord of the Two Lands (in the Estate of Amun);
Overseer of the Foreign Lands of the Southern Hill-country/Desert;",32.61212,25.73423,
393,18,"TIV
/(AIII)",Dra Abu el-Naga east,Unknown,?,Unknown,32.62603,25.73899,
394,19/20,Ram(Dyn 20),Dra Abu el-Naga east,Unknown,?,Unknown,32.62626,25.73881,
395,19/20,Ram(Dyn 20),Dra Abu el-Naga east,Unknown,?,Unknown,32.62524,25.73817,
396,17/18,Dyn 17/18,Dra Abu el-Naga east,Menumose,?,Unknown,32.62527,25.73844,
397,18,Hat/(TIII),Upper Qurna,Nakht,Priesthood (Amun) & temple admin (Amun),"wab priest of Amun;
Overseer of the Storehouse of Amun; 1st King's son of Amun;",32.60848,25.73217,
398,17/18,Late 17/ early 18,Lower Qurna,Kamose called Nentowaref,Honorary,Child of the  Nursery;,32.60987,25.73132,
399,19-20,Ram,Lower Qurna,Unknown,,Unknown,32.61069,25.73024,
400,18,(AIl)/TIV,Upper Qurna,Panamun,?,Unknown,32.60742,25.73253,
401,18,TIII/All,Dra Abu el-Naga west,Nebseny,Temple craftsman (Amun),Overseer of the Goldsmiths of Amun;,32.61951,25.73486,
402,18,late Dyn 18-Tut,Dra Abu el-Naga east,Unknown,?,Unknown,32.62595,25.73888,
403,19-20,Ram,Lower Qurna,Merymaat,"Temple admin
& royal admin",Temple Scribe; Steward;,32.60901,25.73067,
405,FIP,Dyn 6(after TT186),el-Khoka,Khenti,"Royal, local admin& priesthood","Royal Seal-bearer;
Great Chieftain of the Nome/ District;
Chief of Secrets of Every Word that is Brought
to the Nome/ District;
Lector Priest;
Sole Companion;
[Overseer of Granaries];",32.61317,25.73254,
406,20,Dyn20,Asasif,Piay,Royal admin,Scribe of the Offering Table of the Lord of the Two Lands;,32.61177,25.73414,
408,20,(endDyn 19)/20,Asasif,Bakenamun,Temple admin (Amun),Head of Servants of the Estate of Amun;,32.61256,25.73398,
409,19,RII,Asasif,Samut called Kyky,"Temple admin(Amun & others), general admin & royal admin","(Royal) Scribe ([ot] the Estate of Amun),
True Scribe;
Counter of the Cattle (of Amun); Overseer of Scribes;
Counter of Cattle of the Estate of Amun;
Counter of Cattle of the Lords of Thebes;
Scribe of Counting the Cattle of All the Gods of Thebes;
Counter in the Estate of Amun-Ra; Overseer of Counting the Cattle (of All the Gods of Thebes);
(Great) Overseer of Counting the Cattle of Amun (and of Montu);
Overseer of Counting the Cattle of Amun, of Mut and of Khonsu; Overseer of Counting the Cattle of all the gods [ofJ U and  LE;",32.6126,25.73396,
412,18,Hat/TIII,el-Khoka,Kenamun,Royal admin,Royal Scribe;,32.6127,25.73249,
413,OK-FIP,"Late Dyn
5-early 6",el-Khoka,Ankhunas/ Unasankh,"Royal admin, local admin, general admin & priesthood?","The One who is at the Head of the King;
Overseer of UE;
Overseer of Granaries;
Chief of Secrets of Every Word that is Brought
to the Nome/district;
[Great Chieftain of the Nome/ District;
Lector Priest;
Sole Companion;
Chancellor of King of LE;]",32.61262,25.73245,